id,price_oof_pred
29118,970.597412109375
32379,1879.3194580078125
38499,2129.878173828125
39055,1888.1466064453125
65902,489.61309814453125
112292,1435.280517578125
118649,3036.41943359375
130253,1060.8001708984375
143230,2450.6962890625
154529,1293.5208740234375
155068,977.491455078125
157093,1398.8636474609375
176963,611.29248046875
182227,958.5144653320312
186454,537.4241943359375
194022,1758.55126953125
202532,912.8505249023438
206861,1266.6436767578125
214839,636.917236328125
240802,1338.4248046875
242494,1372.950927734375
258430,568.4199829101562
262961,1935.500732421875
263036,918.6294555664062
263708,1664.213134765625
313003,2222.611083984375
313237,1041.2093505859375
326898,1012.0473022460938
330915,551.0447998046875
338992,702.7811889648438
339126,2198.555419921875
341822,1502.023681640625
343137,1944.72607421875
346877,1493.8897705078125
355841,1525.1513671875
369967,928.983154296875
391758,1090.49560546875
401665,791.1201782226562
432409,1619.3045654296875
441719,1705.385986328125
444974,1522.1524658203125
454064,1712.864501953125
454605,2048.45458984375
460453,1393.09033203125
461969,1126.459228515625
475316,1045.08984375
487549,1423.8974609375
489563,845.5182495117188
495934,2051.8896484375
504029,1672.7972412109375
504223,1250.8701171875
514666,1427.2939453125
517272,1515.60595703125
519333,1434.3104248046875
523775,958.0223388671875
527702,1717.6683349609375
529881,1274.1588134765625
530734,876.5814208984375
532209,1063.566650390625
533060,2127.794189453125
534399,1304.6024169921875
535179,1154.2835693359375
539879,3197.37548828125
547317,2310.67041015625
554546,1451.09375
555145,1545.9268798828125
559944,965.18505859375
560719,1336.1351318359375
561883,1516.8525390625
569641,1406.1517333984375
570080,1128.95166015625
576523,1243.5072021484375
586421,1780.8397216796875
586830,984.7188110351562
588917,2391.165771484375
597503,451.1442565917969
598042,1300.927734375
598936,1518.8311767578125
617493,3059.9794921875
623404,646.7504272460938
623736,1296.461181640625
628888,496.3760070800781
629306,811.1504516601562
645357,1032.82763671875
646086,1260.476318359375
648772,1436.6146240234375
653083,1372.0706787109375
661968,1466.166259765625
663246,980.5420532226562
666188,1169.87646484375
667842,1526.450927734375
668441,1092.3411865234375
670550,1436.099853515625
682701,1330.64013671875
689962,1413.8447265625
691317,1824.630615234375
694393,808.9954833984375
695135,635.9242553710938
695136,522.474853515625
697046,1326.4539794921875
700271,1147.28173828125
705361,1606.6240234375
707226,1009.4816284179688
708262,1010.036865234375
709227,2703.5205078125
711746,1544.6181640625
718831,1648.2144775390625
720038,980.6923217773438
721973,1425.8175048828125
729171,1040.459716796875
731062,1530.87841796875
734411,2031.2998046875
735068,917.79443359375
744664,2009.52587890625
748920,1326.3134765625
768646,1742.8489990234375
768784,807.9686889648438
768831,552.9190063476562
779739,1807.3096923828125
784915,1189.93017578125
792378,3085.632080078125
802110,793.0750122070312
812320,2130.066162109375
815346,1363.6844482421875
820869,1728.3033447265625
828245,1191.64306640625
859185,1412.8978271484375
867964,1236.7061767578125
869809,1435.07373046875
878275,1306.29443359375
882992,1298.7052001953125
884518,1899.85009765625
885642,686.4237060546875
888226,1004.94140625
892273,948.8831787109375
893639,1197.06298828125
894420,1426.169921875
895117,1327.1263427734375
897447,1249.981689453125
897887,417.9676208496094
907655,3186.84228515625
909806,1341.5528564453125
911298,1620.708984375
926867,1808.12646484375
927228,1228.2530517578125
935427,1015.3790893554688
936678,1467.0745849609375
936913,583.4759521484375
938427,1464.1087646484375
940284,1005.736083984375
941879,1301.70458984375
944950,1728.9581298828125
946970,943.0613403320312
947057,2108.861328125
956091,563.7802734375
956185,1666.6453857421875
964454,1496.7252197265625
970924,1605.3603515625
973198,2737.686279296875
976307,2121.0849609375
979023,1952.435546875
979445,665.6066284179688
1000542,1819.9071044921875
1001057,1081.306640625
1004613,1140.371826171875
1011794,1426.23193359375
1011997,2505.4208984375
1025486,420.5601501464844
1031031,1196.72998046875
1031467,1267.91064453125
1038484,2284.845703125
1040628,1341.9703369140625
1047013,1106.554931640625
1055005,921.5792236328125
1057350,1452.271240234375
1062585,1345.6690673828125
1066680,1845.470703125
1076510,1997.261474609375
1079829,1781.58837890625
1083039,1403.2989501953125
1085429,1104.4945068359375
1094015,1393.5118408203125
1097018,3099.267578125
1097273,1029.7777099609375
1098209,3526.9736328125
1103984,1795.945556640625
1105487,1591.7412109375
1107046,1475.590576171875
1112645,1349.8616943359375
1115811,1277.88720703125
1117505,1247.0091552734375
1120755,1367.06982421875
1121190,2118.3203125
1122354,1565.696044921875
1122594,1357.7445068359375
1125756,445.9192199707031
1128960,644.3909301757812
1130300,1537.6676025390625
1133791,2580.1416015625
1143581,1219.162109375
1146701,1039.2962646484375
1151512,1251.8023681640625
1157943,1093.9573974609375
1161191,1654.8785400390625
1162390,912.6396484375
1163816,1632.1209716796875
1167176,665.1846313476562
1174793,1638.39794921875
1178532,1153.892578125
1182803,921.1939086914062
1194322,1130.8621826171875
1200935,1232.30712890625
1205467,2102.160400390625
1206018,701.7962646484375
1207818,1012.9302368164062
1208976,1707.86865234375
1211696,1718.5274658203125
1212293,2323.984619140625
1213057,1088.9097900390625
1218328,519.8212280273438
1227230,1583.541015625
1230963,1956.1341552734375
1234625,1496.7144775390625
1235828,1029.289794921875
1238231,1013.1889038085938
1239567,2920.858642578125
1243057,2454.370849609375
1248767,1811.6719970703125
1250186,1292.7618408203125
1251892,1952.7344970703125
1254082,1478.3299560546875
1272893,1466.862548828125
1277810,1156.5416259765625
1279893,1226.9793701171875
1281547,1774.144287109375
1282781,2533.40869140625
1291584,1499.460205078125
1293615,1486.0863037109375
1293663,1200.9970703125
1294117,1516.5347900390625
1294713,2393.888916015625
1301100,1762.489013671875
1302512,1164.638427734375
1306978,1375.522216796875
1308255,1954.0494384765625
1312191,2594.110595703125
1312995,2791.502197265625
1316186,1009.4493408203125
1326743,1665.038330078125
1329114,1219.469970703125
1329657,1873.833984375
1339993,1359.4241943359375
1340127,1937.7559814453125
1343696,2273.188720703125
1344956,1318.0394287109375
1346411,982.4422607421875
1346718,996.2901000976562
1347514,1697.3602294921875
1349276,1953.3448486328125
1361672,878.7559204101562
1362346,1445.4324951171875
1366429,2050.15185546875
1382160,2034.9263916015625
1389364,2070.549560546875
1389542,1688.438232421875
1390151,1385.9849853515625
1392292,1085.853515625
1394879,2570.66357421875
1402312,1165.04248046875
1405532,946.0528564453125
1407934,1450.2457275390625
1414254,1564.619140625
1421279,748.3055419921875
1423825,646.6009521484375
1442435,343.7686462402344
1454937,5197.18896484375
1457834,1856.9505615234375
1461479,2280.11572265625
1487657,1081.9669189453125
1487770,806.26318359375
1496309,983.41015625
1503710,1252.1572265625
1519172,970.6812744140625
1533478,977.330078125
1556320,1644.507568359375
1557373,794.1143188476562
1560724,1171.27978515625
1577506,469.3816833496094
1577888,1134.474853515625
1578149,850.9071655273438
1583050,1122.2098388671875
1588376,1313.744873046875
1592510,2018.868896484375
1602392,1554.1348876953125
1606435,1318.65966796875
1618565,1181.8873291015625
1623589,1567.1729736328125
1632744,1046.0111083984375
1636059,464.22509765625
1644334,2112.973876953125
1653195,2480.750732421875
1660132,1380.8603515625
1668377,1959.428466796875
1669801,1859.53662109375
1677765,1480.632080078125
1679778,1477.35400390625
1680610,1661.954833984375
1710543,1132.6365966796875
1714518,1283.5411376953125
1717719,3459.538330078125
1726320,1072.9066162109375
1727030,3111.959716796875
1746070,2583.9697265625
1753637,943.6831665039062
1765855,1224.126953125
1771512,1435.594970703125
1794030,699.0299682617188
1796682,1847.67236328125
1800309,744.1648559570312
1816543,2391.12353515625
1825225,946.6143798828125
1826760,2461.598388671875
1834010,1315.170654296875
1843185,1116.330078125
1875627,1277.898193359375
1878554,1559.281494140625
1880384,1707.5101318359375
1899884,1343.5042724609375
1945602,381.8363037109375
1947819,1087.94775390625
2004752,1583.250244140625
2007532,500.3811950683594
2007950,2026.218505859375
2014951,2450.7734375
2039980,1680.3253173828125
2053949,900.9217529296875
2054312,915.6895141601562
2062148,1655.985107421875
2066635,1800.3980712890625
2078840,1408.5283203125
2095232,1147.999755859375
2129370,1151.864501953125
2133401,3729.01611328125
2134417,1857.6177978515625
2137852,1708.1741943359375
2147342,1016.6443481445312
2164189,987.70751953125
2200398,1685.4658203125
2200485,795.7774047851562
2222260,1550.9376220703125
2245824,1511.37841796875
2254890,1487.8636474609375
2261464,1559.763671875
2271817,1346.572265625
2282736,1383.0985107421875
2297487,1383.89990234375
2323159,683.3758544921875
2323747,1104.3701171875
2332269,1307.7769775390625
2350554,1153.0557861328125
2350723,1309.5018310546875
2360896,3469.3671875
2362677,1118.4925537109375
2370736,2401.367919921875
2378723,1325.0020751953125
2381707,1317.6419677734375
2388253,1498.111328125
2403733,1388.9205322265625
2403754,1209.5611572265625
2430907,1392.9041748046875
2442579,3248.92333984375
2452011,1914.1439208984375
2463144,637.33837890625
2465786,371.7313537597656
2474884,1700.48828125
2480731,2646.570556640625
2482618,2116.523193359375
2485227,790.6701049804688
2493237,1519.1065673828125
2505649,1715.614990234375
2506318,1104.598388671875
2511838,2343.41552734375
2512537,1168.9935302734375
2520615,2032.857666015625
2522519,1177.3526611328125
2527186,1784.5845947265625
2529055,2153.3046875
2552738,1329.1728515625
2561650,1068.3265380859375
2575269,2241.222412109375
2587820,1418.5609130859375
2589687,1503.3939208984375
2592359,1764.7919921875
2604394,1545.5028076171875
2616487,1754.6331787109375
2624948,1316.802734375
2626050,1428.748046875
2638161,1516.4566650390625
2639253,1507.6639404296875
2640839,1410.5185546875
2651522,2196.808837890625
2656272,1551.71484375
2662023,2307.23486328125
2668266,1368.878662109375
2668851,1744.34228515625
2676028,2290.600341796875
2676941,1064.939697265625
2688924,1548.61279296875
2715130,2033.143798828125
2722006,2832.905029296875
2728314,1476.9085693359375
2734398,1192.5845947265625
2736658,930.0458374023438
2745745,2267.919189453125
2746743,1368.7650146484375
2747297,1176.67919921875
2765999,1300.714111328125
2783208,1022.4171752929688
2792486,1805.78759765625
2805884,2028.006591796875
2806299,1439.966552734375
2812158,1074.8731689453125
2813342,1104.3321533203125
2834713,444.42041015625
2837212,2180.0048828125
2863844,2781.239990234375
2865832,994.898193359375
2904267,1535.9810791015625
2906816,2474.347412109375
2907347,871.620361328125
2924748,1130.462890625
2934051,1546.3009033203125
2948879,1512.9188232421875
2961973,1341.56689453125
2968728,1052.3763427734375
2970997,1765.9046630859375
3002827,1184.45654296875
3010735,1606.2552490234375
3020239,1257.425537109375
3020290,1532.02783203125
3023103,1561.633544921875
3033245,1532.603271484375
3034667,1860.8118896484375
3034864,1413.491943359375
3063266,2815.357421875
3074841,1314.7696533203125
3078016,1014.9522094726562
3078821,993.153564453125
3103245,604.2901000976562
3106643,1699.531982421875
3107470,1615.1162109375
3152677,1153.894775390625
3155071,952.8032836914062
3187050,1310.1868896484375
3198821,2890.7548828125
3211312,2944.80029296875
3226784,1335.5582275390625
3243338,2265.372802734375
3247323,1668.3870849609375
3249158,447.6085205078125
3256083,2478.087158203125
3261996,482.2791442871094
3266326,499.7444763183594
3270374,3489.7509765625
3280956,1650.4185791015625
3286018,1629.906982421875
3286990,1474.2281494140625
3290979,2058.94873046875
3323785,702.3289794921875
3324934,1109.7213134765625
3327769,2032.0936279296875
3331468,1959.6546630859375
3331881,1413.1439208984375
3354182,490.73004150390625
3355619,1294.8956298828125
3362860,982.150634765625
3385427,856.463623046875
3388899,518.3134765625
3391725,1209.425537109375
3392343,1465.9200439453125
3396751,1307.880615234375
3400053,2218.16748046875
3403166,1875.8966064453125
3406212,2758.800048828125
3407331,1944.229736328125
3411977,1783.74609375
3413146,1315.893798828125
3414066,1432.2388916015625
3417214,867.9378051757812
3444290,1056.8800048828125
3444420,1415.14404296875
3449992,920.474365234375
3451176,1567.05029296875
3456281,3762.755126953125
3460073,1111.8408203125
3464323,1273.04833984375
3474327,1154.6136474609375
3480743,2225.81005859375
3488922,2995.177490234375
3491493,1862.2027587890625
3497379,1566.56884765625
3504901,1671.28466796875
3509355,1411.7939453125
3517266,1725.353759765625
3525309,1531.919677734375
3533061,1981.1644287109375
3541797,1085.6810302734375
3568611,4273.81689453125
3575920,1214.555908203125
3581763,2694.9619140625
3583165,1696.9083251953125
3584444,1012.8509521484375
3591747,1436.2130126953125
3592268,1219.5543212890625
3598715,497.40045166015625
3600574,987.9432373046875
3602159,1257.988525390625
3613826,1943.5712890625
3621374,461.1596984863281
3639614,1674.70263671875
3643684,1028.3984375
3647502,1571.60595703125
3657721,2017.1541748046875
3684212,1294.048095703125
3692270,588.3325805664062
3695909,1870.4425048828125
3722745,447.6620178222656
3730082,1085.051025390625
3739547,1667.43212890625
3739969,1880.6719970703125
3753571,844.2682495117188
3754538,2163.747314453125
3780952,1285.048828125
3785919,1457.8048095703125
3790447,1434.2091064453125
3790989,1662.1689453125
3801577,2363.564453125
3804086,1877.47607421875
3804214,506.0673828125
3846315,1994.1776123046875
3872454,2127.1650390625
3875843,1231.261962890625
3879471,1280.2794189453125
3880972,414.71551513671875
3893242,1268.1357421875
3902194,1447.8056640625
3920097,1448.7794189453125
3936243,942.1555786132812
3939776,649.4664916992188
3944063,684.4049072265625
3945669,1372.5938720703125
3958141,1656.6007080078125
3989926,1422.1632080078125
4003222,1600.2410888671875
4003584,1767.4210205078125
4010869,1845.920654296875
4013630,1282.731689453125
4014246,1656.3714599609375
4017836,2386.3603515625
4028294,1257.70703125
4039248,1196.492431640625
4039449,1262.1978759765625
4054274,1277.251953125
4055799,404.107421875
4058451,1927.4727783203125
4114786,1965.2908935546875
4139642,588.2853393554688
4145869,1282.5694580078125
4155996,1106.7535400390625
4172139,1360.273681640625
4196818,1653.76953125
4210360,1373.3460693359375
4216373,1178.4984130859375
4220176,2059.42529296875
4233588,855.5196533203125
4241153,4623.83349609375
4249415,1233.62744140625
4256478,2360.422119140625
4260055,1229.9840087890625
4264907,2017.2052001953125
4266586,1166.06884765625
4268440,1184.4384765625
4268958,2022.4193115234375
4281973,803.4703369140625
4282001,419.2279357910156
4285444,2396.703369140625
4298831,500.068359375
4308473,1002.6727294921875
4321677,885.6466064453125
4323628,1980.541748046875
4365292,1013.9818725585938
4365371,473.8564147949219
4374458,1267.045166015625
4374946,1202.948486328125
4381572,1064.5732421875
4398698,2497.791748046875
4427900,1882.8095703125
4433418,1712.4453125
4437269,1764.5260009765625
4480873,596.20849609375
4491037,1067.0694580078125
4505775,529.764404296875
4514437,752.384765625
4528623,1358.698486328125
4542207,1797.7869873046875
4547069,1087.3409423828125
4554561,636.763671875
4573683,1047.2900390625
4586122,959.0838623046875
4595358,1097.1805419921875
4611859,1537.740234375
4613131,1444.458251953125
4618491,1932.854248046875
4635064,1256.106689453125
4637282,915.3609008789062
4637704,1142.8802490234375
4659307,571.5172119140625
4666689,1923.0345458984375
4686459,982.9727783203125
4698517,597.125
4699077,925.8139038085938
4703587,1900.3350830078125
4716241,914.3651733398438
4741118,789.2557373046875
4748841,1774.2789306640625
4755853,1604.832763671875
4790980,1274.5120849609375
4802435,1290.417236328125
4821181,2366.2822265625
4869039,473.3221435546875
4878210,1277.687255859375
4890052,1987.3526611328125
4897927,1534.33447265625
4908015,731.2582397460938
4912933,1903.8450927734375
4919358,1110.1387939453125
4943667,1665.7113037109375
4948186,1550.2576904296875
4957580,723.6021728515625
4959597,1622.0806884765625
4961566,508.6309814453125
4962098,2287.894287109375
4967119,1332.387451171875
4986269,1711.9273681640625
5009365,1337.8111572265625
5034150,940.97216796875
5046176,1762.1795654296875
5047611,1357.087646484375
5087087,882.8934936523438
5088353,1011.884521484375
5089082,989.41845703125
5102678,1473.49951171875
5109892,1132.9112548828125
5148250,1521.9876708984375
5177875,702.7503662109375
5200585,2312.271484375
5232748,2073.06884765625
5235015,1049.980224609375
5256391,1458.7706298828125
5291899,2584.16943359375
5292178,1877.478759765625
5301099,1598.358642578125
5303703,1499.9375
5311435,3861.68603515625
5321852,1607.9683837890625
5322206,869.4564208984375
5324458,1513.6199951171875
5327184,1423.3267822265625
5350736,1454.429443359375
5380805,1014.08642578125
5411807,1109.923095703125
5421987,889.6314086914062
5425799,2141.657470703125
5433731,846.600341796875
5438156,1150.72705078125
5441693,1196.795166015625
5450216,1416.4100341796875
5473198,1654.5477294921875
5483000,1841.5242919921875
5484941,1528.83154296875
5486840,620.23876953125
5494324,1028.052001953125
5496544,762.3446655273438
5496752,1139.380615234375
5507768,979.2880859375
5525216,1851.9146728515625
5543915,1375.09033203125
5547958,2158.606689453125
5548223,1271.1961669921875
5573386,1497.3759765625
5580475,2391.3369140625
5602444,2538.43017578125
5647043,1161.182373046875
5655488,912.2750854492188
5658080,1045.6866455078125
5659371,594.5908813476562
5669461,1925.6436767578125
5677343,1516.9921875
5677608,1313.2891845703125
5679409,1360.4288330078125
5683108,933.3997192382812
5689602,1392.480224609375
5697848,1435.938232421875
5700427,1078.766357421875
5711813,1497.0130615234375
5718464,1154.0015869140625
5733631,1132.8062744140625
5752073,1163.2469482421875
5783790,1611.1439208984375
5784125,550.2471923828125
5799877,1440.0614013671875
5800800,1056.237548828125
5819954,1515.705078125
5822633,1618.3089599609375
5830110,520.24658203125
5837365,2127.51513671875
5853461,919.8734741210938
5867558,845.27734375
5911923,1023.02587890625
5926122,708.1366577148438
5929316,1391.599365234375
5957682,3517.330810546875
5966886,2079.982421875
5983958,1337.9088134765625
5984123,1355.1295166015625
5987669,2082.86328125
5994282,1787.6455078125
5997402,1154.2940673828125
6017159,1633.333984375
6022000,1177.95849609375
6040574,940.5231323242188
6047246,938.0633544921875
6075759,1557.301513671875
6087170,3188.584716796875
6091514,1682.1357421875
6097098,1108.7969970703125
6118268,2325.3408203125
6131422,1614.746337890625
6143484,985.8540649414062
6148643,1426.9942626953125
6164303,1106.0628662109375
6165221,505.611328125
6178747,1196.731201171875
6181515,1212.2598876953125
6219060,1762.4814453125
6221130,927.8295288085938
6241207,1325.726318359375
6251262,1207.07177734375
6264689,1688.6331787109375
6269509,1280.129150390625
6274832,991.3320922851562
6279349,1136.820068359375
6288128,2120.9150390625
6300770,1002.9293212890625
6311369,2279.821044921875
6320288,2217.349609375
6329182,1246.962158203125
6341551,2024.661865234375
6347182,1398.641357421875
6369020,2370.2353515625
6380148,482.30010986328125
6395819,1363.0572509765625
6400706,1180.692138671875
6410688,2071.94970703125
6428008,1025.8271484375
6431178,532.3959350585938
6434017,1240.5897216796875
6434687,2125.919189453125
6440250,1291.0572509765625
6447464,1429.196044921875
6456469,962.2676391601562
6458540,2114.871826171875
6483293,1273.49560546875
6508950,702.0946044921875
6512573,1812.9334716796875
6518188,1147.035400390625
6518968,948.4465942382812
6534909,1253.6005859375
6548485,1134.095947265625
6555205,1471.2120361328125
6555380,1469.820556640625
6561972,1028.2354736328125
6565997,1446.025146484375
6567611,2141.425537109375
6577785,933.7393188476562
6581672,994.3403930664062
6586974,1449.6866455078125
6588239,2430.522216796875
6594321,1297.9617919921875
6597835,1331.72705078125
6615132,1559.9810791015625
6621330,484.88116455078125
6622044,933.5209350585938
6650063,1694.9234619140625
6650539,512.319091796875
6653895,1461.25146484375
6674954,958.9547119140625
6689857,563.5330810546875
6690161,1066.429931640625
6699851,1120.4041748046875
6703920,2409.830078125
6721673,1389.8885498046875
6724434,1254.7611083984375
6746937,823.5494384765625
6751352,1295.2677001953125
6753941,1332.0887451171875
6755209,462.262451171875
6755560,804.2229614257812
6762583,1495.1748046875
6765494,1103.8089599609375
6769775,1149.0230712890625
6775585,1748.60107421875
6788685,1268.29736328125
6791634,1130.81640625
6801272,881.1393432617188
6815724,1632.1771240234375
6821193,1904.3819580078125
6822153,708.9639282226562
6830720,1769.2593994140625
6833963,1248.91845703125
6846599,2353.153564453125
6874515,529.5404663085938
6881244,1449.40869140625
6885389,577.4535522460938
6898141,360.6319274902344
6920728,803.8916625976562
6961332,1192.090087890625
6976937,1216.1885986328125
6980594,1605.4468994140625
6988519,664.8775634765625
6991105,1891.6810302734375
6998776,1057.25634765625
7007909,1264.382568359375
7027334,1244.701171875
7044720,837.082275390625
7048210,1344.900634765625
7050042,1179.067138671875
7055537,1930.6441650390625
7069049,1303.3828125
7070291,2303.084716796875
7077089,3552.91162109375
7078856,1254.689208984375
7082456,3539.29931640625
7089268,794.7803344726562
7096887,422.0367736816406
7099649,1336.9234619140625
7129267,2312.4853515625
7143961,1448.0240478515625
7148101,1218.763671875
7168959,1090.523193359375
7170507,1347.03759765625
7184948,1165.9903564453125
7199509,1190.044921875
7234031,1125.9119873046875
7234274,1105.5863037109375
7254481,871.6707153320312
7258234,529.154296875
7259990,1771.704833984375
7298719,1045.9652099609375
7305086,1703.0068359375
7305522,1915.87890625
7321680,832.8338623046875
7334959,1340.248779296875
7360815,744.5192260742188
7364919,1901.7353515625
7384470,1334.5452880859375
7386667,825.6512451171875
7394250,984.23291015625
7401985,1340.6063232421875
7405885,1786.0419921875
7414268,1275.201416015625
7415202,668.0034790039062
7425007,925.0686645507812
7428338,2804.457763671875
7456293,1682.0924072265625
7467900,1113.2564697265625
7470696,2692.943115234375
7471187,1298.4945068359375
7478750,1437.2811279296875
7488158,618.3009033203125
7497962,1310.5521240234375
7499206,423.6854248046875
7504715,1906.7393798828125
7511594,1073.449951171875
7542407,469.5609130859375
7542435,1209.6690673828125
7543378,971.6672973632812
7546155,1731.9493408203125
7550974,1441.5560302734375
7558068,1795.478515625
7579551,1782.991455078125
7579636,966.58251953125
7618618,1148.107177734375
7641068,1019.9698486328125
7655183,1420.566650390625
7675836,1328.8330078125
7705077,1213.2646484375
7710558,869.4340209960938
7729190,3029.434814453125
7731521,480.35577392578125
7766220,1313.76806640625
7766971,1004.6148071289062
7787746,510.80157470703125
7787976,1111.7745361328125
7800376,613.8287963867188
7803676,1096.095458984375
7805961,1821.1787109375
7814579,1024.5025634765625
7820320,1565.1396484375
7846734,1114.18505859375
7853704,562.3512573242188
7855592,1524.9832763671875
7867898,1843.548828125
7871722,1855.8753662109375
7893304,1232.7681884765625
7930034,671.9612426757812
7952250,1283.0096435546875
7993118,2009.60546875
8025567,1378.0101318359375
8026030,1196.48046875
8026545,1248.0009765625
8037707,1240.6466064453125
8040088,368.4454345703125
8044172,2335.1630859375
8065460,1602.0716552734375
8069229,843.7674560546875
8120243,1749.7435302734375
8138658,421.86151123046875
8147919,916.66259765625
8155371,1022.4264526367188
8184428,895.140869140625
8267924,596.261474609375
8287293,1453.2119140625
8335658,1393.8057861328125
8348424,792.8883666992188
8351895,2051.339599609375
8387099,911.0108642578125
8396926,1111.248779296875
8415681,2114.044677734375
8432241,1285.085693359375
8437007,2082.016845703125
8453242,763.8505249023438
8495059,1020.7281494140625
8519947,1384.1746826171875
8563559,626.279052734375
8573371,2178.486083984375
8578484,2651.0029296875
8584983,3061.953369140625
8585592,2113.233154296875
8594356,1813.9371337890625
8628762,439.16058349609375
8637134,642.22802734375
8640322,1517.8465576171875
8645622,1676.7943115234375
8691708,1432.42138671875
8693742,1283.656982421875
8705878,507.14471435546875
8709400,1035.08642578125
8745932,1197.9888916015625
8747872,883.3732299804688
8769307,1732.98095703125
8770563,429.8202819824219
8844101,973.6400146484375
8850565,828.5804443359375
8853746,952.9319458007812
8857856,1083.8011474609375
8876176,872.9937133789062
8895099,1360.29052734375
8947054,1429.097900390625
8961248,1393.4659423828125
8963430,1784.4031982421875
8964859,856.8214111328125
8968731,1910.4444580078125
8979392,1140.8682861328125
9006017,522.6658325195312
9010855,934.5963745117188
9017509,2152.03759765625
9037095,487.92694091796875
9054276,994.3906860351562
9063809,1301.5430908203125
9071977,953.2540893554688
9083463,1805.595458984375
9085993,1311.30029296875
9106771,593.2621459960938
9121022,1266.1021728515625
9127577,1213.073486328125
9146395,1037.486328125
9153961,1897.9683837890625
9192682,548.9266357421875
9197815,989.8719482421875
9204395,1306.6011962890625
9229531,1336.9425048828125
9290791,1765.14404296875
9324849,1106.865478515625
9334203,1283.7862548828125
9338746,1722.39697265625
9341180,1001.6528930664062
9358606,1205.0797119140625
9379522,1055.9033203125
9386199,3144.343994140625
9407356,1025.6944580078125
9442276,1134.8013916015625
9455327,1291.634033203125
9462239,1329.13232421875
9498424,2116.86865234375
9499979,721.0075073242188
9524283,2134.116455078125
9539627,937.8690795898438
9576788,1871.9307861328125
9578324,884.9188842773438
9603597,2427.97509765625
9622612,969.9166259765625
9661780,1034.291748046875
9678775,824.113037109375
9682997,425.0063781738281
9702338,1260.859619140625
9713967,1331.4671630859375
9723030,1059.4774169921875
9731956,2106.275146484375
9770537,1208.6131591796875
9817983,1626.4306640625
9834206,1624.680908203125
9841775,1261.6932373046875
9851584,1294.2630615234375
9883212,1484.4810791015625
9890921,1719.46728515625
9917056,2472.2236328125
9917231,1403.3504638671875
9937196,582.1781005859375
9950210,1050.2508544921875
9986118,1311.892333984375
10038336,1243.5072021484375
10055085,917.5780639648438
10143783,1705.312744140625
10188144,2666.465576171875
10216837,353.4613342285156
10248142,1004.2902221679688
10260919,3707.578125
10286266,1320.7064208984375
10332985,1764.3348388671875
10355315,1519.047119140625
10356333,1161.623046875
10372242,1227.01513671875
10373625,634.0848999023438
10383580,1394.62744140625
10385782,750.6548461914062
10385974,1001.600830078125
10391575,1894.4005126953125
10397199,1369.2137451171875
10414951,396.05889892578125
10421213,1652.574462890625
10432016,1944.3197021484375
10435392,493.9960632324219
10435787,461.0323486328125
10451688,974.6546020507812
10465666,1290.044189453125
10481803,1333.359375
10485303,1118.9720458984375
10493686,1612.0635986328125
10494140,850.1064453125
10505269,1256.6732177734375
10515792,1496.56103515625
10530494,1219.6312255859375
10565344,1388.8145751953125
10581642,1139.9359130859375
10584180,943.1639404296875
10595718,2090.59130859375
10607525,1295.88720703125
10625592,1435.30322265625
10645628,680.5565795898438
10646269,1261.69921875
10647239,1186.93212890625
10677376,3066.048583984375
10693032,1151.1033935546875
10735518,383.0267333984375
10735621,1497.857666015625
10746905,1445.0167236328125
10780864,1398.879638671875
10795532,1444.4093017578125
10801674,1937.1505126953125
10819883,1013.0994873046875
10820240,777.0911254882812
10820966,1633.68310546875
10822345,1202.3704833984375
10858144,1632.3133544921875
10871347,411.9869689941406
10877666,1515.2979736328125
10937113,2452.3486328125
10958006,1207.91943359375
10977352,1487.332763671875
10992732,668.15087890625
11008685,2080.271240234375
11056790,1835.3677978515625
11100059,1271.1549072265625
11112867,1225.6204833984375
11131280,2433.94970703125
11153864,1307.191162109375
11154032,506.4735107421875
11198887,1130.0869140625
11215818,977.084716796875
11232977,1297.518310546875
11247691,895.1327514648438
11250847,2075.503173828125
11264133,1273.6365966796875
11331658,1721.3922119140625
11390099,1160.84716796875
11406286,1037.5135498046875
11436390,1996.193603515625
11449135,1189.0174560546875
11488892,422.01336669921875
11506743,1423.5638427734375
11515569,3085.47021484375
11525928,1370.392333984375
11559077,1179.185302734375
11606263,1234.17041015625
11606423,1735.564208984375
11630042,879.4689331054688
11630784,1395.38427734375
11648469,1530.0736083984375
11650610,2370.822265625
11669017,1693.53955078125
11674733,952.5558471679688
11704901,1934.67529296875
11725945,1073.9906005859375
11784632,1020.9556884765625
11799244,2214.76806640625
11835045,2461.38818359375
11835793,977.86572265625
11836215,1308.146484375
11845470,1177.46728515625
11866476,2497.912109375
11883327,1028.350830078125
11887691,2081.342529296875
11936046,2308.775146484375
11945965,1581.966552734375
11952878,471.9747009277344
11952917,1057.3265380859375
12007099,1369.613037109375
12008817,1167.2108154296875
12028968,390.5543212890625
12091145,2360.74755859375
12091627,811.95751953125
12118801,997.8549194335938
12129506,1748.7786865234375
12151222,833.8280639648438
12184038,3117.096923828125
12206801,859.0692138671875
12216585,1031.052490234375
12224745,931.84912109375
12227776,1428.7672119140625
12259946,657.8762817382812
12313611,1428.07470703125
12316544,1346.341552734375
12358255,581.8678588867188
12381496,2900.817626953125
12383533,2035.929443359375
12421931,1352.566650390625
12444502,3726.16064453125
12457675,1306.255126953125
12500421,1688.76611328125
12505020,1444.3837890625
12515003,1365.4959716796875
12548949,988.0291137695312
12553652,1419.1756591796875
12556033,1597.296630859375
12595740,1869.3809814453125
12614938,2172.668701171875
12649029,1757.987548828125
12719515,611.8667602539062
12728196,1199.0367431640625
12746470,1223.4378662109375
12786562,1043.8460693359375
12793266,1243.2021484375
12807474,764.7456665039062
12807843,1823.1156005859375
12830959,1916.0955810546875
12831689,725.2913208007812
12848531,962.5524291992188
12850511,1297.20263671875
12882799,1093.349365234375
12936855,1731.205810546875
12940118,2336.255126953125
12947491,709.5396728515625
12966370,854.2406005859375
12988324,1323.9188232421875
13025187,1236.1798095703125
13028220,1157.3853759765625
13050883,1345.6942138671875
13055083,2043.9769287109375
13060894,960.2597045898438
13077021,1241.8443603515625
13077959,492.1087951660156
13078790,1424.87548828125
13092072,1671.8541259765625
13094404,1239.533447265625
13095676,2925.46142578125
13098005,1759.0823974609375
13102928,2019.9073486328125
13109786,690.0770874023438
13123669,1051.5660400390625
13138021,910.2123413085938
13151653,1604.884765625
13151978,382.1661376953125
13164205,1596.5179443359375
13167616,1618.0001220703125
13186622,1196.0545654296875
13196121,1006.671630859375
13205208,496.0443115234375
13212209,1984.1326904296875
13214801,1767.608154296875
13230542,1125.3726806640625
13233701,2874.58984375
13241595,1671.61328125
13243745,1460.7696533203125
13256810,1117.327392578125
13259358,2517.52099609375
13292571,989.30322265625
13294366,1067.11474609375
13346925,1511.99658203125
13369054,1001.599853515625
13381483,1300.48828125
13386623,1438.7371826171875
13387612,2261.67236328125
13392209,1998.939208984375
13402615,1434.525390625
13408329,839.485107421875
13408800,1323.4930419921875
13410887,1377.2061767578125
13424789,914.9616088867188
13439619,800.3317260742188
13449596,1229.6934814453125
13455348,1599.5845947265625
13469358,1499.2119140625
13508025,730.0294799804688
13509449,1321.34375
13520269,1549.5699462890625
13523552,1387.5579833984375
13526389,552.4667358398438
13530385,849.3843383789062
13538078,908.9657592773438
13544720,752.2123413085938
13553587,929.8092041015625
13553819,1015.8512573242188
13556010,1500.9168701171875
13582597,1657.5960693359375
13588458,2175.3642578125
13588507,1451.30419921875
13594640,1307.033935546875
13598972,952.3062744140625
13620616,824.4428100585938
13627712,1676.8623046875
13629218,1162.7030029296875
13638203,1380.4637451171875
13648187,1656.1549072265625
13662173,1086.2464599609375
13669539,3171.87744140625
13689809,1388.12353515625
13693025,1806.430419921875
13697482,1679.49169921875
13697572,956.6582641601562
13702676,1991.2808837890625
13704942,1944.6954345703125
13722773,685.186767578125
13731191,1217.5980224609375
13738517,1991.6019287109375
13739369,3211.470947265625
13741272,815.212890625
13747646,1352.68798828125
13749414,826.2324829101562
13768602,1220.283203125
13777000,1348.306396484375
13782736,1294.1383056640625
13782758,1215.88623046875
13791210,1889.6578369140625
13807028,584.7512817382812
13808705,1171.1551513671875
13820647,2356.787841796875
13834903,1547.3209228515625
13835152,1139.820068359375
13843053,2078.827880859375
13856583,1218.8084716796875
13879502,1530.366455078125
13889648,1506.432861328125
13907755,3244.6923828125
13912082,1379.5714111328125
13912772,1818.8291015625
13914137,1381.85302734375
13918615,1752.3701171875
13920288,385.3478088378906
13927156,1162.949951171875
13936972,1356.3974609375
13945310,1183.20849609375
13954987,673.1541137695312
13965904,898.995361328125
13987678,710.9491577148438
14005160,868.6838989257812
14036310,921.3280639648438
14037316,2826.455810546875
14045439,696.6723022460938
14065262,892.6611938476562
14065655,536.1885986328125
14069502,915.2791748046875
14096220,1210.8472900390625
14139778,1996.023193359375
14144717,2035.1429443359375
14152338,1728.294189453125
14158880,1801.482421875
14173917,4897.12060546875
14210306,1311.9775390625
14216275,1219.7877197265625
14268783,651.0359497070312
14270352,1325.4346923828125
14273888,1229.0926513671875
14288581,1538.2510986328125
14288637,1154.4488525390625
14297137,1203.01513671875
14298999,660.978515625
14311023,1320.6817626953125
14345471,1315.7218017578125
14352771,1218.731689453125
14401476,512.9027099609375
14438361,1349.7130126953125
14461708,675.4032592773438
14509714,1137.661376953125
14543214,922.4718017578125
14553210,1430.1573486328125
14569717,2379.039306640625
14570389,1554.1920166015625
14610294,1323.0428466796875
14670112,1019.4349365234375
14720587,441.88909912109375
14769962,1318.45458984375
14778530,2765.81787109375
14778763,1218.796875
14780845,1540.392822265625
14799953,635.7101440429688
14822244,3845.438232421875
14837501,861.3335571289062
14897392,2425.3681640625
14911059,1300.8402099609375
14930815,847.7611083984375
14938241,1452.3662109375
14942302,1628.809326171875
14955033,1093.243408203125
14956541,431.2586364746094
14958609,615.5665283203125
14968916,464.1971435546875
15001761,1082.8895263671875
15002141,1637.944580078125
15022393,1080.112548828125
15024077,905.0201416015625
15039944,2056.348388671875
15046056,1128.4996337890625
15093315,1292.434326171875
15118238,483.2872619628906
15135166,723.54931640625
15156489,1166.2347412109375
15173560,1045.8328857421875
15191908,977.0646362304688
15199156,917.2202758789062
15210047,1039.2342529296875
15251186,1667.26904296875
15319858,827.76318359375
15322602,898.7744140625
15341416,1872.9339599609375
15351112,878.4736328125
15354363,1435.771728515625
15367846,1657.5762939453125
15376339,463.37933349609375
15434230,1757.4281005859375
15461010,2184.205322265625
15516586,924.0654296875
15554875,999.4097900390625
15593062,1877.9732666015625
15599696,1182.1761474609375
15639989,498.7352294921875
15671191,1744.6302490234375
15697358,5062.927734375
15698932,1152.513916015625
15732251,3634.644287109375
15739918,1350.6175537109375
15749298,1139.58837890625
15814625,1531.241455078125
15836354,1137.927978515625
15862390,517.4722290039062
15936402,2093.75732421875
15945821,912.0042114257812
15963141,476.6517333984375
15977765,1285.1414794921875
16013289,2185.814697265625
16014122,1100.98046875
16038432,1208.4891357421875
16038798,1096.5684814453125
16050679,1523.4669189453125
16066118,878.2056884765625
16067450,1107.5572509765625
16090871,1348.433837890625
16140854,1137.680908203125
16177328,995.3903198242188
16177573,1898.4873046875
16248647,610.9757690429688
16268290,4057.001708984375
16293515,1294.779541015625
16334457,1369.9620361328125
16358824,2165.10009765625
16358980,913.5357666015625
16389223,1389.63330078125
16415632,1303.86865234375
16425627,1819.7352294921875
16438254,854.8056030273438
16458482,3215.39501953125
16458985,685.691162109375
16516821,1301.384033203125
16526409,930.4476928710938
16540927,1195.8685302734375
16564371,1268.510986328125
16566461,2633.91455078125
16611629,991.88916015625
16612966,5557.2431640625
16613314,2412.642333984375
16627202,994.7586059570312
16630271,924.376953125
16658484,1384.388671875
16681783,1145.7501220703125
16682305,1349.44189453125
16685297,775.515869140625
16687773,2103.5087890625
16697537,1244.9150390625
16700387,1084.4510498046875
16701417,1048.9033203125
16790890,2243.099609375
16793121,1467.970947265625
16802243,4378.07177734375
16804832,929.859375
16809364,605.8228759765625
16819335,1032.6566162109375
16863486,1015.7009887695312
16865698,1967.1651611328125
16878297,851.858642578125
16881372,1239.203369140625
16892132,1890.173583984375
16892167,883.5862426757812
16903903,1746.887451171875
16910730,1352.24072265625
16911769,665.8345947265625
16929317,1895.182373046875
16934697,1205.488037109375
16942895,410.215087890625
16942913,1811.3358154296875
16944653,660.368896484375
16944963,1192.667724609375
16950634,686.6702880859375
16980928,1173.48486328125
16994980,965.5808715820312
17004708,1980.6551513671875
17005475,1740.366943359375
17009135,2780.708251953125
17018088,1300.27783203125
17093096,745.2073974609375
17095190,1084.3873291015625
17101441,969.6726684570312
17112376,1911.1290283203125
17174512,890.4140625
17180549,971.7001953125
17181182,842.950927734375
17188205,1468.3983154296875
17215414,1470.96142578125
17217925,1019.930419921875
17222123,3346.3583984375
17258511,1254.9208984375
17316202,1400.7867431640625
17327161,1277.4952392578125
17330414,814.352783203125
17341685,1131.47607421875
17341880,1214.4979248046875
17364292,1375.09423828125
17399834,1530.3883056640625
17457404,1466.89892578125
17473925,785.7279052734375
17477882,433.6814880371094
17513955,1037.34375
17544352,896.622314453125
17553006,1953.6766357421875
17564798,728.9956665039062
17602070,1089.977294921875
17606698,1565.0618896484375
17627452,1653.1336669921875
17628287,2264.295654296875
17663027,857.29443359375
17676460,551.8458251953125
17682196,1914.972412109375
17682765,1652.0723876953125
17690373,832.8410034179688
17725947,494.1065368652344
17733435,1374.6861572265625
17755777,1663.379638671875
17810679,1256.64208984375
17843419,1474.159912109375
17898146,2495.7099609375
17900600,771.544189453125
17904675,2758.710693359375
17918083,1310.84423828125
17940348,1896.925537109375
17941809,1344.2840576171875
17960274,2065.77197265625
18012837,2294.468505859375
18012996,3483.903564453125
18015563,952.3171997070312
18030121,4497.64892578125
18040509,2040.1929931640625
18048797,1511.90283203125
18104917,2060.696044921875
18108713,1296.2149658203125
18134365,1289.167236328125
18136094,904.4776611328125
18144006,803.7205200195312
18147254,946.6234130859375
18152011,1106.7017822265625
18152579,1420.9197998046875
18175039,1737.8138427734375
18203519,1232.25244140625
18212582,1138.8809814453125
18221906,2069.864013671875
18250758,1930.2490234375
18269341,2516.496826171875
18305870,1028.6768798828125
18317736,1712.5955810546875
18419641,1861.9166259765625
18419775,1201.1070556640625
18423975,899.8021240234375
18474104,572.5560913085938
18495604,1164.8885498046875
18506210,2144.3759765625
18512442,3258.0234375
18532660,2104.60693359375
18573641,1019.7449340820312
18574443,3337.310791015625
18574551,1819.9921875
18582325,768.8993530273438
18603545,1455.347900390625
18644649,1520.3966064453125
18678697,854.0106201171875
18712099,1131.8411865234375
18713661,694.6561889648438
18727579,885.2974853515625
18734189,881.28369140625
18746546,896.2277221679688
18749154,1291.76220703125
18750251,783.8933715820312
18759187,2046.101806640625
18761903,1215.6158447265625
18771104,992.5559692382812
18780484,829.2666625976562
18784462,833.854736328125
18831384,6015.79248046875
18882536,1970.1029052734375
18894646,426.951171875
18907953,1000.0926513671875
18911800,1656.8275146484375
18918739,1925.827392578125
18919007,1294.9210205078125
18920012,1824.330322265625
18967095,1337.6636962890625
18973788,1557.4486083984375
18995258,600.767333984375
19050957,1918.750244140625
19063422,1711.9420166015625
19066125,893.060546875
19066973,1368.5560302734375
19083512,1930.53369140625
19085204,1760.406494140625
19097128,1426.4932861328125
19108061,3194.994140625
19116539,1168.86865234375
19117174,2270.1123046875
19118422,1011.275634765625
19126313,659.198974609375
19138090,1284.642333984375
19139469,484.3261413574219
19148761,1887.1253662109375
19152395,1102.725830078125
19158852,1345.7828369140625
19168323,1191.0802001953125
19175867,1650.8155517578125
19177700,918.5303344726562
19177904,535.483154296875
19186052,733.759765625
19193551,1434.1358642578125
19205129,1083.3909912109375
19237582,1024.685546875
19268520,1988.417724609375
19268741,1804.6705322265625
19268790,680.8198852539062
19283290,1383.71044921875
19290972,1110.3385009765625
19298873,1273.0787353515625
19310622,940.0513916015625
19321943,467.5809020996094
19325586,2483.522705078125
19327724,1354.85205078125
19373432,636.8685913085938
19396206,510.6549072265625
19406624,1237.985107421875
19434840,1410.7642822265625
19470281,1289.7806396484375
19471033,356.13037109375
19480475,1178.45166015625
19512821,1379.2574462890625
19519429,1343.03564453125
19526012,1800.8885498046875
19540656,1435.5504150390625
19545059,2534.510986328125
19549141,524.6577758789062
19559822,1185.180908203125
19561679,485.6714172363281
19572161,746.5543212890625
19607043,1461.6021728515625
19608662,1676.434326171875
19613318,1145.5599365234375
19614754,2836.675048828125
19615708,529.08984375
19621089,2938.33056640625
19657416,918.2672729492188
19677996,1833.692626953125
19696557,1786.576416015625
19696796,1283.794189453125
19748173,992.2584838867188
19755571,1883.6883544921875
19772795,2155.920654296875
19783878,3144.041015625
19784043,2228.697998046875
19784430,2531.41796875
19784633,849.2404174804688
19813067,1413.935791015625
19814554,960.0938110351562
19821966,694.1757202148438
19833403,1404.3150634765625
19834660,2384.39404296875
19850804,1059.36474609375
19867359,1133.36328125
19884878,1267.4212646484375
19889018,1229.201171875
19899899,1665.097900390625
19914402,1200.192626953125
19954181,1006.4482421875
19962579,1957.9678955078125
19983210,1002.4741821289062
20003302,2095.662841796875
20031306,1498.4130859375
20042007,872.6129150390625
20049049,1747.7994384765625
20050583,1518.0341796875
20098111,1387.3758544921875
20144685,2186.43115234375
20188270,535.2432250976562
20199234,666.6697998046875
20201071,2596.85546875
20210062,1261.92626953125
20223600,533.635009765625
20237789,2315.049560546875
20240093,850.1064453125
20247922,1654.28173828125
20261197,952.45263671875
20273164,1602.7344970703125
20275528,1053.502685546875
20276207,972.6236572265625
20289992,932.3069458007812
20290000,2191.661865234375
20300379,2185.9345703125
20311402,1005.0153198242188
20382007,664.5527954101562
20402568,1987.6807861328125
20434894,2070.082275390625
20439341,535.5731811523438
20443736,701.5643920898438
20445938,1046.7237548828125
20495062,1200.668701171875
20540334,1524.642822265625
20548471,946.8001098632812
20551052,1041.5035400390625
20586301,830.507568359375
20593955,929.67431640625
20596830,2148.80810546875
20612704,1244.9345703125
20650363,776.4954833984375
20692228,575.01318359375
20707214,893.0401000976562
20708505,1694.629150390625
20710256,969.8846435546875
20794740,865.5726318359375
20797505,1113.3016357421875
20814317,1064.7490234375
20825540,794.5682373046875
20873032,980.8248291015625
20877463,1082.9459228515625
20883931,1504.0167236328125
20893944,1777.4630126953125
20915252,925.2616577148438
20937902,915.1157836914062
20967928,1164.7000732421875
20980003,1429.488037109375
20987154,1517.1427001953125
21004207,761.7002563476562
21023447,1013.5072021484375
21079009,2902.733154296875
21093232,1876.6602783203125
21093307,1903.4237060546875
21093795,1318.2633056640625
21130807,1412.5849609375
21186595,933.5930786132812
21187566,2227.851806640625
21209564,991.493896484375
21221666,960.9961547851562
21225478,1688.739501953125
21260919,1535.2403564453125
21268708,1024.0889892578125
21270480,758.2078247070312
21284516,1717.2677001953125
21288310,718.1285400390625
21289602,815.3191528320312
21330021,1015.2201538085938
21330351,5073.9990234375
21405385,3070.94580078125
21415442,1707.9249267578125
21435398,1391.6007080078125
21435989,1671.7392578125
21500371,1157.1788330078125
21523040,464.7256164550781
21531765,1766.58642578125
21545479,1500.0355224609375
21548606,493.401611328125
21563312,928.8217163085938
21563806,920.8544921875
21579485,1412.5263671875
21669975,892.4566650390625
21691921,4803.55517578125
21707513,1287.50048828125
21732842,1716.6156005859375
21743621,1105.7071533203125
21760578,3699.805419921875
21775678,1990.08984375
21825717,911.5938110351562
21841776,923.662353515625
21844980,1725.692138671875
21849053,729.6694946289062
21863109,969.24462890625
21873097,1739.9327392578125
21943615,1371.13671875
21978139,2265.702392578125
21988949,870.4319458007812
22061945,1473.067138671875
22062461,938.2742919921875
22084407,580.3350830078125
22097509,452.6395263671875
22110566,711.9996337890625
22159944,987.1009521484375
22168917,2227.629638671875
22182139,1706.6566162109375
22242194,1326.833251953125
22287222,674.1558837890625
22299598,1860.2447509765625
22318282,1041.8232421875
22322616,3489.767822265625
22331161,2203.427490234375
22332086,461.4123229980469
22339302,1152.6904296875
22364328,1079.7177734375
22368469,603.0638427734375
22384360,1216.7755126953125
22414653,1900.29248046875
22450441,787.9443359375
22473865,1781.9454345703125
22502101,1062.88818359375
22530215,852.575927734375
22566421,1534.20556640625
22570616,1459.785888671875
22623699,610.3563232421875
22641397,776.1485595703125
22680278,1239.1673583984375
22695408,1287.925048828125
22712474,2002.5634765625
22743150,1717.9658203125
22743238,2689.326904296875
22757998,1293.5172119140625
22786149,807.9370727539062
22805558,1027.59619140625
22807671,4724.03564453125
22891579,1579.4473876953125
22898213,1538.95654296875
22912241,1550.880615234375
22937339,1195.2220458984375
22942055,1084.146240234375
22964115,1555.4798583984375
22965329,1568.9266357421875
22967513,1800.1558837890625
22968232,1414.05517578125
22974554,1290.725830078125
23019594,1383.3546142578125
23053506,4359.26513671875
23075388,1475.83642578125
23089213,1321.139404296875
23115746,966.1599731445312
23147167,1117.212158203125
23159980,2344.71923828125
23164106,2231.487548828125
23167632,1846.69140625
23173826,781.5505981445312
23178069,917.061767578125
23214597,1568.0196533203125
23227624,1634.3582763671875
23230147,1894.307373046875
23235538,461.1883544921875
23244361,1120.9664306640625
23291083,527.8330688476562
23316068,835.3540649414062
23334622,1193.6259765625
23335377,1090.7667236328125
23341763,1642.344970703125
23353261,848.2416381835938
23355357,1508.5224609375
23388128,5004.05517578125
23388703,4698.12451171875
23428179,1307.5299072265625
23466239,435.3671875
23466466,404.0970153808594
23478448,1090.602783203125
23490217,820.382568359375
23492145,683.276611328125
23493204,829.2084350585938
23495332,971.6524658203125
23509625,1153.4405517578125
23536468,758.4330444335938
23542945,1760.049560546875
23557590,1054.631591796875
23616685,1163.791015625
23617529,988.1389770507812
23617910,1023.3657836914062
23623159,1757.4793701171875
23627650,1339.56396484375
23637212,990.8613891601562
23647100,1447.4403076171875
23661832,1144.2589111328125
23665966,702.3336791992188
23692680,881.0468139648438
23707263,1990.93603515625
23724962,1903.4227294921875
23725638,2198.31640625
23764941,1319.775146484375
23825359,927.5594482421875
23919826,890.4004516601562
23920367,496.33331298828125
23929214,528.1185913085938
23937025,1493.472900390625
23954290,752.83935546875
23970068,761.0313720703125
23973218,1029.4931640625
23974864,846.9265747070312
23975040,1349.6859130859375
23988750,1023.8353271484375
24030808,588.6215209960938
24040161,1385.3428955078125
24047467,883.3040771484375
24072317,974.7234497070312
24073200,999.0615844726562
24081673,1337.0950927734375
24090515,1901.062255859375
24127751,951.9422607421875
24130196,1345.76416015625
24145034,605.6163330078125
24149523,956.5107421875
24154071,1174.1767578125
24157361,1948.68994140625
24226047,1049.2127685546875
24255956,1325.2645263671875
24280399,1572.896240234375
24280594,950.0089111328125
24322031,2583.890869140625
24332357,1524.7620849609375
24339122,1183.260498046875
24347841,1151.9244384765625
24393378,641.4077758789062
24409639,2216.268798828125
24437935,549.9063720703125
24449013,1171.986572265625
24458566,1031.3443603515625
24481300,795.5297241210938
24498049,694.6279907226562
24502772,2735.340576171875
24503302,2301.98291015625
24519769,1409.8018798828125
24528181,1435.1107177734375
24567631,993.0715942382812
24570584,2437.517822265625
24573443,1034.6019287109375
24575813,2243.715087890625
24576606,1757.306640625
24611142,2362.637939453125
24614678,958.4152221679688
24624022,1831.6544189453125
24636819,873.8739624023438
24656698,561.5502319335938
24708236,2121.062744140625
24711664,805.6729125976562
24747090,1009.737060546875
24765642,2257.863525390625
24776123,1185.0587158203125
24790482,1850.84326171875
24793142,2335.8818359375
24814697,2218.86376953125
24815617,3456.92236328125
24815672,2018.279541015625
24816692,2041.73828125
24816694,2647.7802734375
24821457,570.0452270507812
24826721,2082.8740234375
24849793,2557.70654296875
24877176,1746.0
24877446,1501.7650146484375
24884896,1716.9407958984375
24899182,1660.398193359375
24900889,946.4535522460938
24903583,1830.2095947265625
24934334,840.3760986328125
24934517,679.9708862304688
24957802,756.7326049804688
24965209,1787.971435546875
24973439,373.47576904296875
24984590,1264.835205078125
24987454,1579.85595703125
25003165,2209.856201171875
25040025,1385.994873046875
25040168,911.9149780273438
25043549,1184.1688232421875
25063158,1903.5308837890625
25067964,1949.4886474609375
25106241,1113.6209716796875
25118507,1263.7359619140625
25129266,984.9514770507812
25135273,2067.01513671875
25158053,986.7085571289062
25170470,918.0284423828125
25180496,824.82666015625
25200892,1147.060546875
25200893,1476.817626953125
25200894,1966.568359375
25200916,1210.39501953125
25216681,1619.5240478515625
25230621,928.968505859375
25247163,2134.33837890625
25251445,1841.7650146484375
25256638,2007.412109375
25273198,2111.831298828125
25317697,1967.149169921875
25328162,789.879638671875
25334142,717.036865234375
25339399,1406.5892333984375
25342284,1402.9761962890625
25348263,1956.8724365234375
25358248,2283.9248046875
25374280,1997.8875732421875
25390179,4451.91748046875
25410780,1526.399169921875
25411342,1560.24755859375
25412031,1154.3673095703125
25412218,955.0385131835938
25414330,1562.296142578125
25415171,1364.5618896484375
25415887,1500.704833984375
25437590,1432.677001953125
25438169,854.0513916015625
25440004,1722.525146484375
25441960,941.7522583007812
25449452,1890.8428955078125
25451963,1075.0107421875
25465877,1297.22119140625
25480493,1161.1209716796875
25481897,2099.413330078125
25501455,1335.5250244140625
25509436,490.6217346191406
25510862,1363.052001953125
25511654,1749.642578125
25524405,550.8655395507812
25530844,1169.9708251953125
25536023,1968.88330078125
25579915,1464.7928466796875
25625617,1355.24072265625
25652864,2616.95361328125
25664844,1270.2210693359375
25699595,777.6957397460938
25758102,1371.293701171875
25761161,719.709716796875
25766954,1113.1171875
25773407,977.3930053710938
25779533,1318.7867431640625
25786674,1362.1807861328125
25800644,2478.671142578125
25819512,739.2672729492188
25819814,1683.9658203125
25821793,2028.979248046875
25838169,1877.90869140625
25864397,991.5322265625
25891560,961.4329223632812
25902778,1498.51318359375
25927962,1625.6656494140625
25933182,1092.8907470703125
25938137,2260.629150390625
25939028,2080.24462890625
25941490,888.230224609375
25942883,887.4635009765625
25943522,1671.995361328125
25955604,1847.21923828125
25969883,678.6771240234375
25988997,1036.3306884765625
25992506,975.1236572265625
25993664,2299.04296875
25995913,1384.688720703125
26000464,2307.76318359375
26005608,1951.716552734375
26018444,715.3218383789062
26021818,1046.9466552734375
26043656,1401.97705078125
26089043,865.6986694335938
26090710,1333.5394287109375
26094867,1018.7442626953125
26099846,3083.8515625
26112394,1521.74365234375
26117463,959.4111938476562
26118302,1615.817626953125
26157322,1586.248291015625
26161817,1551.0064697265625
26177042,1489.734130859375
26184100,900.53173828125
26184991,2152.2109375
26218444,1024.574951171875
26240351,933.2749633789062
26243490,1192.5054931640625
26244622,1048.2606201171875
26245127,1186.5181884765625
26267617,1134.4776611328125
26268969,1524.07177734375
26284870,1047.8614501953125
26296321,1859.8463134765625
26309978,1424.1719970703125
26317847,923.646484375
26318639,1489.2445068359375
26328502,976.41845703125
26329577,942.4407348632812
26329638,1353.816162109375
26343809,1130.4947509765625
26356470,1585.0968017578125
26389492,1217.80322265625
26393211,1011.5609741210938
26406820,1393.3289794921875
26417304,2441.5478515625
26440577,1275.2020263671875
26446568,1707.228271484375
26459399,1242.1400146484375
26460642,723.8776245117188
26511926,1213.76611328125
26526202,2016.33740234375
26542406,1253.662109375
26544461,1140.66357421875
26548813,588.4963989257812
26554918,1517.2802734375
26590494,1363.128173828125
26617272,993.7918701171875
26621781,1724.9339599609375
26629079,2398.28857421875
26652707,1678.1636962890625
26662446,1756.02001953125
26670823,2746.183837890625
26703130,883.6651000976562
26705990,1126.5404052734375
26712229,1248.5943603515625
26723459,1423.54150390625
26723908,1261.4102783203125
26741004,1527.0992431640625
26742693,2051.67822265625
26742696,1953.2879638671875
26742697,1759.899169921875
26742700,1849.8006591796875
26742702,2182.041015625
26742704,1305.27880859375
26742707,1484.6986083984375
26742714,1293.0906982421875
26742721,1179.7662353515625
26742725,1237.1300048828125
26742727,2049.041015625
26742729,1312.609375
26742732,2756.9951171875
26742734,1983.1588134765625
26742737,1218.8665771484375
26742745,1381.2774658203125
26742746,1119.9193115234375
26742944,1385.709228515625
26742962,1173.8455810546875
26742966,1094.868408203125
26742969,1237.0986328125
26742973,1400.890380859375
26742983,1208.698486328125
26742989,2272.415771484375
26743156,1530.1605224609375
26743162,2037.7816162109375
26743182,2202.20751953125
26743202,1294.984619140625
26743414,1049.9676513671875
26743416,1119.9840087890625
26743417,1007.4359130859375
26743419,1139.474609375
26743424,1840.88037109375
26743427,1925.6629638671875
26743428,1886.482666015625
26743431,2132.3232421875
26743439,1342.974853515625
26743454,1546.5584716796875
26743455,1006.3997192382812
26743459,1177.66064453125
26743694,2053.544677734375
26748559,1331.991455078125
26765657,2854.5556640625
26775780,613.0681762695312
26860839,951.9577026367188
26894153,1499.8787841796875
26895362,1843.3631591796875
26907188,1328.1533203125
26913728,1012.4487915039062
26918072,1120.9449462890625
26969433,1247.2734375
26970020,1212.823486328125
26974796,1015.5201416015625
26991968,1376.5721435546875
27004305,887.3308715820312
27026471,1371.9698486328125
27026956,1570.31591796875
27045559,857.6014404296875
27109234,1305.89990234375
27124035,1123.2327880859375
27130178,1012.4154663085938
27132561,994.5302124023438
27133858,1103.0343017578125
27152415,1560.2117919921875
27159445,918.2554321289062
27166308,1768.5057373046875
27196142,831.6300048828125
27274554,2618.501953125
27302038,1388.2109375
27353632,805.7490844726562
27353857,1174.5858154296875
27368706,938.36474609375
27391608,1505.29833984375
27417747,624.4899291992188
27488304,808.4085693359375
27488317,1382.2420654296875
27520725,768.5579833984375
27533797,815.2700805664062
27564131,922.302734375
27564799,4673.44775390625
27575846,1108.93505859375
27576959,1820.2528076171875
27601710,1282.7672119140625
27677318,1784.929443359375
27693247,890.80859375
27742821,1479.9525146484375
27748503,1160.6123046875
27781868,1558.7139892578125
27844904,2623.97607421875
27860696,1323.4981689453125
27869327,686.4679565429688
27898886,1130.3765869140625
27915769,3589.352294921875
27918259,2542.851318359375
27974706,1096.0347900390625
28006907,1054.156982421875
28042806,1098.0380859375
28049067,1095.62744140625
28057934,1008.5574340820312
28064017,1707.5362548828125
28065407,881.7377319335938
28072056,1685.8726806640625
28073299,853.8549194335938
28075143,1222.9947509765625
28093785,1070.56884765625
28102258,1134.375244140625
28105353,1701.6463623046875
28118688,909.2339477539062
28127286,2481.786376953125
28129557,1183.1085205078125
28154753,1525.8355712890625
28219759,1311.5018310546875
28296856,1700.7437744140625
28298592,1080.53271484375
28325833,2326.732177734375
28350727,757.7525634765625
28381467,1560.9453125
28406503,1163.1842041015625
28408362,1065.1409912109375
28433493,1045.8004150390625
28485041,751.364501953125
28558748,1050.14208984375
28650474,1465.9354248046875
28662576,1650.1375732421875
28800757,2226.00439453125
28910930,1043.6961669921875
28945325,1831.86328125
28955402,1421.9691162109375
28994811,426.28521728515625
29025227,834.1820068359375
29073326,1042.7530517578125
29085636,1092.455322265625
29094849,1075.025634765625
29098150,1230.7149658203125
29119459,1138.363037109375
29205333,1151.65673828125
29248812,1446.37353515625
29258064,1082.975341796875
29274850,1033.7020263671875
29277460,1317.05419921875
29294404,651.0396728515625
29303843,1542.741455078125
29412484,939.7866821289062
29478989,1123.1480712890625
29496854,1592.7333984375
29498815,1222.615478515625
29507163,1728.322265625
29540518,2678.732421875
29555970,1722.677978515625
29584810,402.7397766113281
29616404,1128.113525390625
29619470,1256.0706787109375
29621032,530.4605712890625
29622304,2649.576904296875
29627657,437.51019287109375
29650155,879.9161987304688
29674291,750.5286865234375
29675299,1710.8397216796875
29717882,769.1185302734375
29732726,330.2379150390625
29751815,896.5255737304688
29787260,1235.6884765625
29798172,1644.3883056640625
29815952,1707.484130859375
29841692,1255.9676513671875
29847358,1170.4852294921875
29871909,1104.7027587890625
29889531,847.704833984375
29916404,1228.56494140625
29925782,3978.774658203125
29954669,1945.2493896484375
29975603,1609.0919189453125
29986616,1074.2305908203125
30014369,1491.0882568359375
30040575,1771.54931640625
30052106,1517.517822265625
30078494,1851.72021484375
30099064,925.1997680664062
30101131,512.8836059570312
30116533,1495.99267578125
30127028,1977.663818359375
30151833,1041.6243896484375
30161932,1032.8951416015625
30167141,922.139404296875
30172275,1689.15283203125
30174695,808.4158935546875
30250342,963.4948120117188
30319481,1308.9239501953125
30339433,1936.62109375
30388784,4868.2119140625
30389837,1127.7232666015625
30406008,1065.5345458984375
30419235,1157.1241455078125
30466129,1030.795166015625
30468917,1789.62451171875
30493074,996.8447265625
30493348,908.2713012695312
30519657,1227.517578125
30526269,1119.2626953125
30536241,1539.6873779296875
30557487,891.7450561523438
30558825,1296.130859375
30578873,1674.2808837890625
30705099,1420.3348388671875
30705978,1105.6131591796875
30735517,1395.3150634765625
30751423,1125.4107666015625
30813747,1728.6654052734375
30853708,1669.5870361328125
30893029,1496.8201904296875
30905107,1126.3114013671875
30920680,869.5481567382812
31050170,1274.6976318359375
31073103,938.2850341796875
31134219,1244.3275146484375
31139969,1900.9217529296875
31144301,4895.6494140625
31148914,2368.334228515625
31164060,1368.669677734375
31164420,1926.673828125
31199416,2005.9052734375
31281504,1521.0169677734375
31284656,1709.1346435546875
31373225,1400.647705078125
31383294,1936.3438720703125
31390223,945.727783203125
31404499,1447.8050537109375
31431188,915.396240234375
31434542,1022.8213500976562
31454313,976.2236938476562
31466813,482.0757141113281
31483205,1585.3267822265625
31491151,1335.0911865234375
31503384,971.696044921875
31524304,1488.124267578125
31551546,889.7189331054688
31579721,451.20806884765625
31608294,582.8015747070312
31703971,2263.695068359375
31712174,1317.4879150390625
31773925,1755.0166015625
31813403,1581.1953125
31848826,629.9030151367188
31866429,2393.133056640625
31891913,1056.763427734375
31892922,1714.4874267578125
31905421,1413.8629150390625
31912160,1471.69091796875
31912549,1660.56689453125
31928365,1249.2564697265625
31944425,468.28302001953125
31953531,1718.9185791015625
31976963,1441.4761962890625
32011252,1262.5833740234375
32029136,1176.060546875
32034089,1005.1170043945312
32044247,976.6948852539062
32061224,970.03466796875
32100543,1916.3277587890625
32103933,4502.88623046875
32104387,991.6420288085938
32121881,701.8998413085938
32126191,960.9700317382812
32130320,651.3801879882812
32136917,1407.6246337890625
32137146,1486.016845703125
32137332,1469.2911376953125
32164868,1381.4647216796875
32172785,1032.428955078125
32173456,867.5955810546875
32225665,3358.43408203125
32232286,834.087646484375
32234782,951.6173706054688
32299956,1381.2095947265625
32302247,810.2942504882812
32303077,1431.6212158203125
32303490,1728.5194091796875
32304653,1042.486328125
32306171,1637.09765625
32325927,1135.73876953125
32361468,1218.2071533203125
32373791,1207.1541748046875
32417468,996.9056396484375
32439197,559.52490234375
32460547,890.2890625
32477606,1975.660888671875
32479285,1091.097412109375
32493781,2203.458984375
32516540,1181.458740234375
32581583,1443.181640625
32600127,890.5343627929688
32609989,502.20916748046875
32681005,993.8890991210938
32755955,1836.9525146484375
32763687,2662.45166015625
32812051,1286.487060546875
32816116,1448.8243408203125
32829961,1224.99658203125
32833654,1295.455078125
32834314,1781.997314453125
32841934,723.9778442382812
32878294,1966.1556396484375
32889465,1043.0074462890625
32909355,1142.990966796875
32920941,1040.9136962890625
32927235,850.474609375
32930209,1492.46337890625
32938107,1548.6341552734375
32967835,738.7884521484375
33011026,885.7929077148438
33029804,1873.4102783203125
33057055,1146.918701171875
33063931,798.0355224609375
33151313,837.0758666992188
33155475,1340.8021240234375
33155820,2434.24462890625
33165011,1301.2679443359375
33221216,1392.3804931640625
33225238,1087.46240234375
33236648,1419.7440185546875
33244835,1102.9468994140625
33261564,1070.0330810546875
33286438,1636.33935546875
33288753,1694.2548828125
33289593,1444.3238525390625
33300943,1478.532470703125
33305788,1955.621826171875
33332545,1555.3046875
33382190,881.0943603515625
33420759,1521.6478271484375
33424534,1310.6708984375
33428310,569.5911865234375
33461634,425.24432373046875
33463481,2010.5115966796875
33485010,1212.5439453125
33520155,1137.6673583984375
33521933,1035.69775390625
33535572,950.4793090820312
33607751,1615.2064208984375
33610422,1080.2744140625
33616328,1281.3839111328125
33673979,1259.5352783203125
33678731,1751.7490234375
33725021,1226.622802734375
33727751,2595.4931640625
33741356,1339.8900146484375
33773082,1535.726806640625
33820704,871.4406127929688
33823069,746.2969970703125
33864488,1274.09619140625
33873577,445.60906982421875
33874452,1267.9554443359375
33891566,1025.550048828125
33893199,1111.8116455078125
33895003,927.6170043945312
33901941,414.38262939453125
33996547,1633.815673828125
34018250,1360.346923828125
34037440,1051.6328125
34050958,1363.071533203125
34059575,859.4252319335938
34073730,1557.092041015625
34074811,1040.8759765625
34084764,973.0206909179688
34087027,1355.7730712890625
34087875,1227.669921875
34122462,836.0347290039062
34139356,2344.150146484375
34141643,2077.897705078125
34147658,768.965087890625
34221940,1747.0166015625
34228087,1336.742919921875
34240455,1619.4019775390625
34278670,516.0114135742188
34289190,1310.22509765625
34299268,1112.484130859375
34303658,1596.8653564453125
34306694,4132.98779296875
34326519,1096.8983154296875
34338680,1189.67236328125
34349970,1121.08251953125
34366870,1234.546142578125
34444348,1576.7833251953125
34462736,1066.334716796875
34496860,1023.2149047851562
34502695,562.9721069335938
34537533,737.0390625
34546721,834.7377319335938
34551988,1572.303466796875
34552183,1929.2152099609375
34573185,1441.2354736328125
34590239,1627.0965576171875
34631114,3415.12109375
34633440,2293.46728515625
34637201,808.15966796875
34643295,2281.437744140625
34650876,2837.455810546875
34668853,2186.12744140625
34668856,1910.941162109375
34679434,428.8876037597656
34679915,976.73779296875
34680118,2073.30712890625
34681260,806.040771484375
34695860,611.3497314453125
34727516,1979.213623046875
34733837,1792.42724609375
34780788,1136.57763671875
34797773,1349.8785400390625
34813295,2372.775146484375
34815426,845.9248657226562
34826202,1652.8299560546875
34827486,1642.841796875
34831694,1753.262451171875
34835494,515.0247802734375
34839431,1419.6802978515625
34839549,1899.68603515625
34839631,1862.728759765625
34851357,1293.966064453125
35301235,923.4102172851562
34857545,1301.5772705078125
34864156,2292.1962890625
34874965,1767.76171875
34879870,1514.184814453125
34927717,1649.2418212890625
34970196,1034.641357421875
34971525,456.5732421875
35047859,1357.9693603515625
35081964,1137.4453125
35100201,1737.349609375
35108093,990.5521240234375
35108455,2768.9794921875
35108640,3193.193359375
35108665,3288.311279296875
35110807,1150.8638916015625
35138897,2571.2412109375
35150351,959.122314453125
35150933,1673.526123046875
35215509,599.7816162109375
35241532,1014.0244750976562
35242030,1021.267578125
35242556,981.8595581054688
35248913,1159.3817138671875
35250183,1384.71240234375
35285644,1175.7777099609375
35297865,570.5284423828125
35300098,1748.4525146484375
35303506,841.692626953125
35306318,2857.201171875
35308031,2125.3076171875
35328285,2149.21923828125
35339913,857.7431030273438
35345600,1420.4351806640625
35390351,2036.6212158203125
35394954,1322.792236328125
35406534,1065.13427734375
35418072,4551.0986328125
35420318,1469.5765380859375
35436045,918.1156616210938
35446966,798.0629272460938
35459957,1258.4429931640625
35461648,1103.1285400390625
35464500,1157.8179931640625
35485479,476.41424560546875
35495387,784.8872680664062
35501611,1391.4779052734375
35501907,1493.5291748046875
35531091,1376.0802001953125
35540603,1694.6153564453125
35540666,2445.142333984375
35543420,1124.3681640625
35554903,841.451171875
35568596,1047.986572265625
35599125,1630.746337890625
35605428,1462.3402099609375
35605707,1692.70751953125
35609208,1223.1611328125
35627869,999.5581665039062
35738938,1285.4775390625
35752559,2346.053955078125
35753718,774.8489379882812
35758056,1188.3673095703125
35762523,1900.22265625
35762532,990.3648681640625
35767193,982.09765625
35786920,517.4341430664062
35798930,1598.6796875
35816652,1811.272705078125
35819638,440.597900390625
35819908,801.8110961914062
35825555,1585.7269287109375
35833605,1238.819580078125
35833991,1696.3077392578125
35854828,1429.9464111328125
35855852,1519.322509765625
35859059,943.4219360351562
35876462,923.9498901367188
35901571,1559.4310302734375
35953127,1051.0059814453125
35955966,1597.6007080078125
35956569,1164.5032958984375
35960583,1706.0655517578125
35962958,1296.782958984375
35965188,1338.6387939453125
35967671,672.1737060546875
35981733,1751.1331787109375
36065973,1033.0662841796875
36066954,2598.61376953125
36068428,696.38330078125
36069751,1701.0814208984375
36073710,1086.2261962890625
36085307,1409.5772705078125
36086051,1920.532470703125
36087280,1030.42724609375
36088818,888.6390380859375
36091448,1579.155029296875
36105587,878.3364868164062
36108615,766.1980590820312
36121253,1140.619384765625
36121961,827.3017578125
36130831,1021.803955078125
36156776,1359.97314453125
36163350,1613.2269287109375
36174173,1289.5203857421875
36174710,1720.795166015625
36175572,1177.0167236328125
36192142,1599.5350341796875
36193321,1103.21484375
36199027,508.49615478515625
36203815,1413.3455810546875
36207432,1293.15673828125
36220839,1154.1287841796875
36231926,685.9063110351562
36234120,1368.0545654296875
36256882,1219.5509033203125
36263885,1457.530029296875
36268823,1645.421875
36271281,1452.26708984375
36293279,1718.865234375
36295811,3564.23291015625
36296025,1100.4697265625
36302048,1546.80126953125
36311728,951.7382202148438
36329817,1203.7415771484375
36330387,1115.5078125
36339863,2220.2626953125
36345548,1463.8182373046875
36348361,1499.9832763671875
36362678,526.0894165039062
36402287,2446.36279296875
36406180,1004.09228515625
36407656,1093.8759765625
36413710,1390.291259765625
36436411,1102.5521240234375
36462312,1264.433349609375
36464393,1758.2642822265625
36474562,1399.6314697265625
36499115,904.6434936523438
36502822,1373.4927978515625
36520520,959.7322998046875
36576621,2075.539794921875
36589031,1105.2823486328125
36632254,593.3380737304688
36632574,1183.3751220703125
36633838,1864.3060302734375
36694592,755.6097412109375
36759783,1035.9078369140625
36765504,2386.223876953125
36780015,2161.24560546875
36790804,1112.0159912109375
36790893,1631.8819580078125
36790954,1291.7159423828125
36791627,1606.377197265625
36791712,1443.29248046875
36792486,458.89410400390625
36793086,1785.0819091796875
36803462,2232.414794921875
36822166,320.4961242675781
36848263,672.6210327148438
36855969,596.5286254882812
36863333,1452.02734375
36933054,1059.5123291015625
36938055,972.264404296875
36945122,949.022216796875
36957089,982.9591674804688
36964183,2171.856201171875
36964237,946.1436767578125
36965766,1717.802734375
36969673,1698.1953125
37008642,1534.970703125
37028924,1359.53125
37048556,997.1064453125
37118191,1272.5096435546875
37134521,1083.33984375
37136694,1753.6339111328125
37142589,510.4717102050781
37182790,2324.08642578125
37197119,1926.2933349609375
37243708,1162.98046875
37276973,2258.61669921875
37319675,1240.26416015625
37323296,949.0652465820312
37329437,2215.263671875
37345220,949.0792846679688
37347614,772.5287475585938
37362636,1216.1392822265625
37391878,1747.707763671875
37414095,1195.31787109375
37441665,797.7463989257812
37444784,1268.5770263671875
37445050,885.3148193359375
37454471,753.2823486328125
37477308,1111.8917236328125
37477332,590.2398071289062
37485741,1225.0936279296875
37508843,710.4835205078125
37547643,835.11962890625
37570188,538.5993041992188
37584212,921.5277099609375
37612212,714.3190307617188
37653914,1359.735595703125
37670547,513.3096313476562
37707399,1342.6820068359375
37714768,1255.0616455078125
37730406,2266.322998046875
37760450,917.3489990234375
37769590,1503.858154296875
37816890,1762.7757568359375
37829560,1277.4268798828125
37866993,2206.691650390625
37868253,4102.67919921875
37877917,1074.152099609375
37894086,2480.065673828125
37910434,1287.56494140625
37910944,1039.42822265625
37927783,1167.4559326171875
37938355,1431.159423828125
37958657,2530.694580078125
37962821,3964.332763671875
37966600,1064.8511962890625
37986624,1265.5875244140625
37987222,839.6185913085938
38011969,1950.1668701171875
38018447,632.9938354492188
38020341,1160.0264892578125
38055832,958.9693603515625
38082730,1318.2947998046875
38085337,728.0755004882812
38096336,1297.2254638671875
38114067,1712.7149658203125
38121497,1152.4984130859375
38144008,1600.483154296875
38870418,1140.973388671875
38154172,2208.6474609375
38171118,1285.363525390625
38200540,2731.09033203125
38213202,403.13330078125
38231989,993.9260864257812
38354691,1416.052490234375
38399137,957.2973022460938
38409238,789.3118896484375
38432581,780.9716796875
38442852,1026.1092529296875
38455539,483.22467041015625
38482485,3057.62158203125
38516061,1466.390869140625
38516949,1636.7540283203125
38531428,709.2811889648438
38542262,1181.2117919921875
38560495,814.2183227539062
38568431,420.2274169921875
38573373,566.3929443359375
38616574,1482.351318359375
38667633,942.728271484375
38672299,1738.078369140625
38684053,1136.5618896484375
38690307,434.410888671875
38699279,944.3555297851562
38713191,1158.84619140625
38741422,852.717529296875
38769291,1484.775146484375
38779595,872.013671875
38785247,1160.8721923828125
38787712,1920.8118896484375
38814372,949.2523803710938
38840556,851.6605834960938
38844661,486.5270690917969
38870444,1493.3553466796875
38888728,1721.665771484375
38901113,4312.232421875
38942394,742.7161865234375
38990635,1094.682861328125
38999863,1618.3182373046875
39000504,632.2285766601562
39017144,1266.3983154296875
39018897,2573.333251953125
39019371,981.0771484375
39022975,1299.8026123046875
39046370,1140.2242431640625
39053728,1356.732177734375
39068921,741.6984252929688
39075905,919.0628051757812
39132092,1624.0941162109375
39166241,2111.65380859375
39170363,702.2424926757812
39172301,3213.518310546875
39172951,1236.9322509765625
39182079,491.3090515136719
39184348,1296.0963134765625
39186014,836.8533325195312
39211953,373.63848876953125
39264855,1013.516357421875
39315416,883.4710693359375
39317041,838.5978393554688
39332658,1098.0716552734375
39334388,1665.72802734375
39349232,736.3531494140625
39350143,929.540283203125
39378341,1299.5360107421875
39432199,1326.5147705078125
39432201,1994.9769287109375
39432202,1693.066162109375
39432598,910.7508544921875
39434133,1235.9444580078125
39460463,1304.7413330078125
39468365,2017.730712890625
39491389,1053.9798583984375
39497469,1489.6844482421875
39504720,1152.2669677734375
39515193,1289.101318359375
39519552,1553.395751953125
39523940,2145.537353515625
39545157,1191.4730224609375
39566513,1300.53173828125
39597735,579.758544921875
39602150,2164.19140625
39619605,1120.711181640625
39636031,2180.503173828125
39639315,787.0228271484375
39691383,1328.9788818359375
39694083,1596.495849609375
39717204,965.70947265625
39736975,1626.3033447265625
39744996,1318.80126953125
39766402,717.4423828125
39768534,1666.48876953125
39805913,1037.7081298828125
39827594,890.4786376953125
39837590,964.4523315429688
39850412,1442.967529296875
39863230,1599.68310546875
39867227,1304.6124267578125
39870073,1677.7513427734375
39883862,1017.9942016601562
39889400,880.2430419921875
39930849,1654.278564453125
39934643,1481.4129638671875
39981379,1308.6790771484375
40000851,879.9434814453125
40019855,1001.7346801757812
40024517,2006.4517822265625
40029749,823.8211669921875
40057545,1089.3843994140625
40060456,1635.21240234375
40063167,975.8472290039062
40078506,545.3190307617188
40101001,1003.6668090820312
40116065,1655.7227783203125
40269366,1318.1903076171875
40344129,650.1790161132812
40391333,1044.8291015625
40412670,1470.0892333984375
40422307,1326.0970458984375
40440545,774.83935546875
40482516,1346.093017578125
40483997,642.5618286132812
40499292,700.6848754882812
40526942,2166.593017578125
40536680,1014.2286987304688
40539820,846.1583251953125
40549887,980.324462890625
40552824,2308.128662109375
40578425,2288.87451171875
40637112,1350.1490478515625
40649190,1664.5625
40658209,1117.1497802734375
40672988,988.2984008789062
40705454,1739.2264404296875
40712100,1049.980224609375
40746576,1004.2293701171875
40780623,2015.119873046875
40839070,758.6648559570312
40851876,1265.4686279296875
40856675,2224.33251953125
40857028,1083.4793701171875
40867010,853.8491821289062
40917017,1037.4600830078125
40953729,1233.4832763671875
40996328,893.611083984375
41018820,942.38134765625
41080457,1467.9205322265625
41097962,1424.179443359375
41145617,2097.71142578125
41151411,764.6171264648438
41154509,959.2033081054688
41165535,4668.97412109375
41195001,1598.66064453125
41210345,1987.4598388671875
41220724,513.8944091796875
41229500,1536.6085205078125
41234622,1451.877685546875
41277576,1106.768798828125
41277676,864.3516235351562
41306400,469.1031799316406
41336123,1277.353759765625
41346231,798.6469116210938
41347719,1081.6890869140625
41403459,761.658447265625
41425759,481.2285461425781
41432687,671.4586181640625
41443681,1323.916259765625
41479114,1328.141357421875
41488558,1142.326171875
41489671,844.35693359375
41490508,1065.6259765625
41490652,1404.2467041015625
41495893,1786.939453125
41501330,1493.8890380859375
41512691,1347.6663818359375
41522390,1125.7454833984375
41553606,776.3642578125
41558016,3173.087890625
41587796,434.7431945800781
41674091,952.3203735351562
41698847,824.75341796875
41741807,1525.1724853515625
41745803,899.4439697265625
41771998,2361.246337890625
41827395,1864.2197265625
41846178,1825.47607421875
41853497,1303.1558837890625
41855354,716.7825317382812
41865481,859.8623046875
41866688,1389.396484375
41892588,1132.2777099609375
41900368,1227.6951904296875
41907728,2232.243408203125
41920314,1602.4056396484375
41924223,1767.7718505859375
41933481,1354.0125732421875
41935704,680.4038696289062
41976955,1150.5255126953125
41988010,2105.84228515625
41988355,1788.3109130859375
42001150,981.078125
42014931,1231.8936767578125
42018866,1242.79638671875
42065193,1169.7252197265625
42104728,1500.7113037109375
42107267,1601.418212890625
42110411,851.829345703125
42133582,759.4752197265625
42136485,1098.0228271484375
42151358,1029.326171875
42183235,2820.17333984375
42213659,1088.814697265625
42213811,1982.8428955078125
42229728,665.8685913085938
42311044,1693.353759765625
42320759,2416.697021484375
42321700,1041.590087890625
42324905,932.0640258789062
42348656,1009.6377563476562
42356486,1586.117431640625
42358426,1848.7216796875
42382123,1037.1214599609375
42394463,759.7135009765625
42398771,1197.6865234375
42401121,1734.9317626953125
42423461,2649.79931640625
42425224,1751.4173583984375
42437312,574.5637817382812
42464637,2679.626953125
42490553,2018.6983642578125
42501574,2789.71728515625
42501577,2221.060302734375
42503198,1255.3575439453125
42529588,882.9815673828125
42535948,2344.12548828125
42553133,1038.7235107421875
42560285,1893.38671875
42560289,2084.842529296875
42560475,1773.419921875
42560481,1735.6470947265625
42575957,1433.3621826171875
42598221,1201.4654541015625
42614261,995.9525146484375
42619019,1125.428466796875
42629998,1185.883544921875
42632380,1062.365234375
42634248,3587.387451171875
42635059,973.9755859375
42656576,1806.4527587890625
42659121,985.99853515625
42673182,661.6903686523438
42673858,2233.574951171875
42674006,794.6031494140625
42683473,1026.3350830078125
42707348,880.3355102539062
42733196,960.3701782226562
42753424,2160.524169921875
42770930,1937.8253173828125
42775044,1190.151123046875
42775512,758.9148559570312
42787807,1051.1510009765625
42789524,1209.840576171875
42798737,1276.2454833984375
42825607,1032.1441650390625
42848426,1637.198486328125
42958598,1691.7249755859375
42972232,1548.9364013671875
42996804,486.00244140625
43006770,448.8121032714844
43006786,412.57244873046875
43006789,804.9404907226562
43006791,482.52349853515625
43078729,689.4100952148438
43083571,1640.8724365234375
43181327,877.9655151367188
43224854,3398.208984375
43227934,1062.05859375
43232514,1131.284912109375
43244874,571.4301147460938
43299462,2465.189697265625
43316960,782.4616088867188
43338450,1824.3790283203125
43347010,1312.311279296875
43353113,2258.326904296875
43360227,967.8123779296875
43388972,1729.6661376953125
43396224,1323.6466064453125
43401947,1422.7103271484375
43409596,1023.644775390625
43417982,639.0091552734375
43418294,2047.7110595703125
43445682,1464.0682373046875
43446520,1578.1885986328125
43532572,1059.791015625
43534031,1597.6669921875
43534544,2280.4833984375
43543605,774.8045654296875
43555310,2714.24560546875
43573799,1363.7481689453125
43607375,1870.9566650390625
43609642,537.0176391601562
43620810,1062.6025390625
43625680,1537.866455078125
43632630,1217.10888671875
43648169,1964.557861328125
43662001,1042.4779052734375
43664211,1589.688232421875
43664495,1746.6673583984375
43684643,1508.8377685546875
43688611,672.264892578125
43694044,1240.2357177734375
43696119,1072.1724853515625
43696715,1263.1763916015625
43708052,1098.3897705078125
43718646,1202.77001953125
43725464,1193.549072265625
43748977,1043.445556640625
43772140,1162.747314453125
43781488,1192.7974853515625
43783612,1298.0875244140625
43788681,1168.859130859375
43799672,1608.822509765625
43808880,1676.0560302734375
43811226,812.4996337890625
43833455,1706.2877197265625
43836994,950.0093994140625
43840114,1906.7921142578125
43880820,2329.104248046875
43884716,1343.3228759765625
43888075,1084.107421875
43905622,2246.691650390625
43916532,864.4568481445312
43923475,1380.8695068359375
43933302,1143.8427734375
43933650,1490.77734375
43934139,1431.8486328125
43949205,2218.578125
43949833,1009.8792114257812
43949924,1173.80859375
43955182,2051.9267578125
43962170,1243.691162109375
43976237,706.3859252929688
43984357,1640.0936279296875
43985115,1162.5360107421875
43990451,761.0633544921875
43996476,1466.68896484375
43997424,1182.8929443359375
44006851,1460.14111328125
44007344,1058.2115478515625
44026551,2277.031982421875
44028769,1529.071533203125
44031726,1735.7000732421875
44037948,1510.0419921875
44040381,1099.3768310546875
44061485,2152.71533203125
44069443,590.5590209960938
44078335,4222.8212890625
44080354,1278.2861328125
44101809,999.2227783203125
44102088,527.2188720703125
44112695,1787.5389404296875
44116869,815.2152099609375
44124835,1185.655517578125
44126415,1214.927490234375
44134368,1957.69140625
44136037,666.2534790039062
44151435,1421.8062744140625
44160321,1174.338623046875
44200815,1166.48291015625
44218417,784.2531127929688
44231951,2019.8197021484375
44244189,1144.0306396484375
44254299,829.8040771484375
44265325,487.53564453125
44271385,1022.96142578125
44274597,2858.16357421875
44304376,1019.271484375
44347290,1302.5111083984375
44348286,2657.604736328125
44348973,2809.12646484375
44350147,729.3939819335938
44351045,2334.173095703125
44367193,1691.90087890625
44372386,2756.9794921875
44404621,1555.3299560546875
44413480,570.113037109375
44415770,1682.87353515625
44432434,1224.991943359375
44441770,1820.909423828125
44455228,514.6326904296875
44462048,1436.95947265625
44466591,716.1154174804688
44469468,984.8720092773438
44470091,1207.9332275390625
44470634,957.678466796875
44482063,1339.817138671875
44482265,1133.7625732421875
44489486,1192.2972412109375
44514822,839.181396484375
44552095,638.352783203125
44564296,1977.9459228515625
44568277,1400.165283203125
44584516,1004.003173828125
44627414,1980.554931640625
44659470,1694.6962890625
44682317,664.00146484375
44703590,1820.093017578125
44799516,828.2569580078125
44956585,2171.6376953125
44981100,1276.5067138671875
44985636,834.721435546875
44995362,1052.8702392578125
45023109,1947.1751708984375
45054023,894.5526733398438
45064822,1318.440673828125
45075447,1159.6434326171875
45078111,1509.5679931640625
45088128,955.4137573242188
45096004,576.126953125
45108833,2279.898193359375
45114764,660.43359375
45115301,892.8435668945312
45129905,1909.17431640625
45138558,816.681884765625
45146971,1023.6237182617188
45169670,499.5656433105469
45196533,853.9132080078125
45198429,2316.582763671875
45244538,2026.458251953125
45270093,1198.623046875
45295534,1565.002197265625
45309114,832.545654296875
45313780,2399.964111328125
45330030,1417.7218017578125
45364245,1976.4517822265625
45371604,1419.5711669921875
45373586,1432.5799560546875
45391881,1241.7264404296875
45408214,861.2755737304688
45414966,1096.1295166015625
45426520,573.6215209960938
45436895,913.4080200195312
45476625,2385.8173828125
45522651,1118.67626953125
45524122,1457.14892578125
45560336,1259.327392578125
45566738,1964.872802734375
45588192,1330.0008544921875
45593419,1663.7772216796875
45633936,1155.846435546875
45717686,2691.038818359375
45735446,1191.5872802734375
45762755,924.6456909179688
45870613,1137.9437255859375
45870883,1630.6273193359375
45902478,2029.00244140625
45905475,966.2715454101562
45933259,835.7198486328125
46032652,925.6848754882812
46067960,1475.9814453125
46082682,1018.711181640625
46119900,882.145263671875
46138826,1085.153076171875
46240482,1348.1912841796875
46256861,595.8480834960938
46347773,1200.916748046875
46347814,1306.4888916015625
46375181,654.5637817382812
46441630,864.6937255859375
46449357,997.629638671875
46451370,1053.133056640625
46527141,1531.6221923828125
46576467,1635.0587158203125
46773565,824.0382690429688
46944452,973.5330810546875
46996606,779.1798095703125
47016851,1678.3157958984375
47154775,1185.2227783203125
47344603,675.8943481445312
47359047,1558.13623046875
47388504,752.411376953125
47405423,1014.0733642578125
47422441,1028.879638671875
47436809,713.8246459960938
47440531,953.9532470703125
47473597,1241.68017578125
47494132,1510.2999267578125
47533228,1675.2701416015625
47533972,1389.6942138671875
47544093,1146.2177734375
47711008,2245.4453125
47752938,1114.902099609375
47765356,1251.9188232421875
47784762,1140.2493896484375
47806770,442.126953125
47822656,1485.3759765625
47822725,1685.8035888671875
47823103,1446.9603271484375
47828410,1128.772216796875
47877714,971.9961547851562
47901996,691.5325317382812
47904939,1409.6539306640625
47987248,4586.45556640625
48020270,452.9881286621094
48050700,743.0425415039062
48084627,1076.4693603515625
48085536,955.2742309570312
48098861,532.7284545898438
48099546,637.4208374023438
48101991,1025.098388671875
48101993,709.6023559570312
48115404,928.3319091796875
48133196,1291.9853515625
48165636,1171.8953857421875
48170689,1752.192138671875
48205791,878.697998046875
48208848,1576.5899658203125
48208995,763.1560668945312
48277851,495.0860595703125
48278906,2088.72216796875
48297171,1113.197998046875
48356091,1515.8302001953125
48374428,1053.404541015625
48389942,638.777587890625
48408343,1756.3125
48412103,1401.1363525390625
48493563,1542.697265625
48599798,808.6702880859375
48620394,2797.4140625
48635320,1045.6392822265625
48639271,1170.2081298828125
48652597,755.666015625
48674575,1496.5809326171875
48693859,867.5674438476562
48763033,1411.3009033203125
48792569,2099.295166015625
48895261,1462.4652099609375
48915566,1707.6331787109375
48959857,1232.56591796875
48986679,1523.81005859375
48997382,3297.480712890625
49034623,1016.4876098632812
49054092,1031.6220703125
49126131,1030.42626953125
49142404,1533.827880859375
49153174,1791.0672607421875
49164899,1151.1181640625
49207523,1565.431640625
49219140,1413.611328125
49220882,1555.6431884765625
49229425,1278.522216796875
49236934,1198.334228515625
49243426,1351.659423828125
49264866,2009.7818603515625
49267203,1598.1961669921875
49286470,1408.3563232421875
49299672,1344.635009765625
49353149,1461.5882568359375
49386688,1199.375
49421353,1066.764404296875
49421682,1952.7513427734375
49454865,985.36669921875
49463771,1612.3212890625
49495230,1062.1903076171875
49508878,1106.8724365234375
49557477,2174.364990234375
49568523,1050.805419921875
49569151,1181.9820556640625
49576800,1651.7657470703125
49578456,1573.48779296875
49644383,1687.2833251953125
49680974,1741.6927490234375
49702068,995.1404418945312
49729787,1198.4383544921875
49738832,1258.4063720703125
49770807,392.56976318359375
49782914,1199.07958984375
49805374,1339.8970947265625
49821798,1316.66015625
49822998,1647.40380859375
49834715,1167.2236328125
49854516,1678.596923828125
49922503,2202.502685546875
49958882,994.451416015625
49967126,567.2468872070312
49972352,1174.94970703125
49974710,1246.9163818359375
49976620,1260.3988037109375
49978035,1354.760986328125
49993770,1227.433837890625
50000305,4034.55224609375
50015425,1879.784912109375
50015520,1601.1224365234375
50018905,1077.5262451171875
50025649,764.8632202148438
50028075,916.660400390625
50028416,985.5595703125
50029291,1190.1209716796875
50051850,619.8756713867188
50058572,846.3861694335938
50062429,1687.8446044921875
50080112,1145.2635498046875
50107830,652.94775390625
50114490,1276.008544921875
50129088,1370.12353515625
50141504,1415.0001220703125
50148186,2080.141357421875
50152169,2204.483154296875
50154846,1420.5531005859375
50163453,1175.2244873046875
50170953,968.1177978515625
50171635,2279.782958984375
50201985,1363.66552734375
50205522,677.2833251953125
50211203,965.7763061523438
50214188,1037.0333251953125
50222732,1000.0745239257812
50226619,983.0802001953125
50228458,1524.1474609375
50236165,1212.1378173828125
50256731,1633.033203125
50256745,1138.0638427734375
50272284,923.8682861328125
50276037,1327.033935546875
50277474,1041.9779052734375
50284834,1445.323486328125
50287293,583.4046020507812
50306346,1605.8621826171875
50318314,2320.522705078125
50322401,1633.4874267578125
50325933,591.0220947265625
50327398,1194.81201171875
50334698,2106.33349609375
50357617,793.72314453125
50365931,1524.9854736328125
50372136,1999.48095703125
50374741,1123.99365234375
50376084,1380.3365478515625
50377357,1011.6570434570312
50377910,2708.353271484375
50387448,973.4373779296875
50387727,1101.877197265625
50388285,672.2966918945312
50388425,1350.5015869140625
50398341,1467.417724609375
50405075,1343.0965576171875
50405452,1194.7020263671875
50405501,1749.2393798828125
50409454,1432.6551513671875
50411272,1028.969970703125
50416765,981.9373168945312
50417017,1161.67578125
50437911,1521.2266845703125
50449694,2160.4560546875
50474550,993.1024169921875
50477639,1490.8740234375
50489226,1430.254150390625
50512623,1962.9595947265625
50514214,1645.385009765625
50524067,1009.7678833007812
50529784,986.1543579101562
50532532,858.8174438476562
50537558,991.9966430664062
50541267,967.2032470703125
50546378,1243.47509765625
50566906,1335.7315673828125
50570125,948.6879272460938
50603524,1050.5145263671875
50617299,1644.3121337890625
50619230,1350.8779296875
50629328,2246.60791015625
50634861,1132.118896484375
50668030,1788.7623291015625
50670754,1934.50830078125
50687781,1259.62548828125
50693996,1342.989501953125
50700184,901.3248291015625
50701887,1627.5927734375
50704599,989.5819091796875
50705458,1451.190673828125
50722688,1194.11376953125
50722732,924.2864990234375
50726918,1264.7869873046875
50736241,1220.583740234375
50739132,1191.906982421875
50759789,2366.0869140625
50760932,2238.754150390625
50762018,1021.0438842773438
50788990,2251.990234375
50789768,1405.9544677734375
50791449,1339.473876953125
50801312,609.511474609375
50827868,1180.3907470703125
50835462,1162.345703125
50836833,1437.250244140625
50842627,1311.5931396484375
50843364,1361.4964599609375
50848330,1160.04248046875
50851323,904.1776733398438
50860328,1051.2418212890625
50864649,759.7581176757812
50864811,1212.1904296875
50868525,1472.4375
50869924,1925.951416015625
50871094,587.8634643554688
50871426,1469.671875
50871519,1369.2000732421875
50875582,1136.819580078125
50881543,915.0183715820312
50884867,1708.17919921875
50894827,1516.8857421875
50906339,1376.7889404296875
50906600,1556.973876953125
50913061,1157.0943603515625
50914899,1433.7452392578125
50926027,2112.3642578125
50928608,1545.59130859375
50946842,983.7279663085938
50948861,1086.6363525390625
50951312,1448.0772705078125
50959220,1498.4451904296875
50963395,939.0637817382812
50965826,1086.009033203125
50966295,1002.9776611328125
50969889,814.0663452148438
50976610,1743.250732421875
50978224,1126.639892578125
50981118,1606.4859619140625
50983274,2014.7181396484375
50986092,1481.516845703125
50991322,1318.014892578125
50998643,1571.4559326171875
51005133,752.1017456054688
51006623,864.7849731445312
51008408,1672.2498779296875
51015049,1403.892333984375
51016765,2265.017333984375
51023509,1099.3359375
51037165,965.0187377929688
51037280,964.1411743164062
51074112,953.8385009765625
51074407,950.9267578125
51079958,995.3589477539062
51097627,1075.4766845703125
51100802,1153.45751953125
51114146,679.9163208007812
51115016,1467.8455810546875
51120729,1598.2266845703125
51121226,1408.5787353515625
51137265,1458.8123779296875
51139158,2367.31640625
51140334,859.6024780273438
51143204,1176.6949462890625
51146959,1628.6810302734375
51163483,1175.577880859375
51163991,1380.791748046875
51167623,1476.7352294921875
51178844,4306.177734375
51181720,1107.28662109375
51182772,773.7332153320312
51183659,940.58056640625
51184190,1110.0322265625
51201597,1544.1856689453125
51202697,1849.5341796875
51204969,1521.25
51206160,992.6441040039062
51208582,1265.7669677734375
51222504,956.3482666015625
51224732,538.17724609375
51254380,1110.28759765625
51257822,749.2672729492188
51260284,1449.4287109375
51263487,950.640380859375
51264120,985.4838256835938
51265734,1173.33642578125
51272897,1233.63330078125
51280407,980.0484008789062
51295626,904.8676147460938
51298720,1440.6400146484375
51301267,1210.48681640625
51338266,2088.13134765625
51338378,1046.21728515625
51338389,980.291259765625
51350079,1682.08837890625
51355824,807.7477416992188
51359060,1617.025390625
51397666,1132.098876953125
51399907,1079.55029296875
51400685,1043.5611572265625
51402472,2756.12744140625
51416217,1309.2156982421875
51417703,840.7115478515625
51444788,1053.1280517578125
51449045,1038.8985595703125
51457760,1082.61767578125
51460594,1386.7894287109375
51477642,601.8546752929688
51478110,1440.60498046875
51481493,2005.394287109375
51482128,1376.23974609375
51511442,818.8643188476562
51516910,966.1364135742188
51518343,1584.43896484375
51538642,948.2605590820312
51554866,1573.429931640625
51556721,1596.4737548828125
51566387,1376.23193359375
51572892,1482.7459716796875
51573833,2231.61083984375
51578089,982.033447265625
51592189,1334.0810546875
51599558,1096.05517578125
51602065,1083.8016357421875
51609889,1563.4482421875
51651000,1057.6258544921875
51666065,1409.2894287109375
51674166,1009.27978515625
51678490,1142.2373046875
51685242,1120.64111328125
51685439,1055.71435546875
51688588,1180.852783203125
51690270,1016.1174926757812
51707291,1742.218017578125
51708603,877.1264038085938
51708938,1500.059814453125
51765377,1862.65234375
51766649,556.7233276367188
51766662,966.368896484375
51812478,761.8508911132812
51816007,1042.35498046875
51829231,1642.094970703125
51836599,1488.6640625
51853868,817.3082885742188
51866351,712.0761108398438
51876007,604.0191650390625
51915360,702.2769775390625
51952830,845.534423828125
51955396,1601.553466796875
51996815,1158.209228515625
51998414,1062.4727783203125
52019976,929.5385131835938
52022105,1491.015625
52024108,1243.0509033203125
52051303,1379.22314453125
52086889,1595.5484619140625
52098703,907.9635009765625
52099075,926.6393432617188
52108738,1089.4317626953125
52166367,1028.4873046875
52183988,1221.063232421875
52196102,793.9163818359375
52200756,1288.3743896484375
52214331,2104.259521484375
52215455,1503.416259765625
52216533,1521.4981689453125
52216577,1662.197509765625
52218049,1064.2764892578125
52230342,1197.4212646484375
52251819,1166.7218017578125
52253951,813.00634765625
52304149,1421.2283935546875
52331015,1271.0306396484375
52344712,1686.8212890625
52366625,2572.404296875
52382003,781.8521118164062
52383544,1165.1536865234375
52384099,1253.8380126953125
52396639,1281.2615966796875
52405096,1369.80517578125
52416393,1239.376708984375
52419808,736.6541748046875
52434059,1349.1282958984375
52434161,809.987548828125
52434349,828.1995849609375
52454361,1357.2120361328125
52467428,2156.43310546875
52477945,1047.1220703125
52484401,1696.2235107421875
52489891,1029.983642578125
52506352,471.65814208984375
52510275,1065.484619140625
52511123,1629.88134765625
52544342,2249.61181640625
52547377,787.2400512695312
52561273,2156.053466796875
52587027,772.0361328125
52591517,1368.5030517578125
52595524,735.3040161132812
52596303,984.9302978515625
52596707,1996.886962890625
52606404,981.3319702148438
52609535,1230.663330078125
52612736,1180.91650390625
52622796,1109.7138671875
52624546,2162.122314453125
52628229,1478.2171630859375
52631569,1131.111083984375
52632407,1153.44384765625
52665436,1051.4586181640625
52666998,3620.12841796875
52683963,1874.724609375
52685428,974.0029907226562
52697244,2526.18017578125
52701140,1439.770751953125
52710813,884.0714721679688
52718531,1604.671875
52726273,2753.94970703125
52733065,1697.767578125
52744142,1213.9393310546875
52744803,1381.42578125
52795544,1015.5758666992188
52806263,831.1878051757812
52806688,1063.7432861328125
52826452,848.2384033203125
52831650,2290.476806640625
52833237,1569.9727783203125
52837641,1161.38525390625
52850400,1026.001953125
52855974,459.61395263671875
52910426,733.0505981445312
52921747,1608.72802734375
52927342,1451.639404296875
52963612,1087.90771484375
52979656,2395.683837890625
52981181,1913.06201171875
53000281,1397.236572265625
53006683,1175.7764892578125
53024528,1874.631591796875
53039086,1241.654052734375
53039217,1069.5704345703125
53056556,1244.4261474609375
53057044,891.4351806640625
53057917,1099.1475830078125
53091291,905.9901123046875
53092369,1551.6378173828125
53092885,2266.389892578125
53101501,596.3597412109375
53106995,864.0508422851562
53111836,1429.670166015625
53159895,1596.229248046875
53162646,1479.9207763671875
53177223,2718.0068359375
53198935,1618.406982421875
53202069,1767.908447265625
53246568,541.3433837890625
53254824,1132.802490234375
53270457,1826.5869140625
53285681,690.1825561523438
53308290,1335.2408447265625
53319846,2174.72412109375
53333599,1616.532470703125
53333706,1319.6014404296875
53351741,2539.659423828125
53355858,1305.997802734375
53376413,1521.3653564453125
53390809,1322.609130859375
53391324,1404.847900390625
53391745,741.4597778320312
53394342,1020.37060546875
53395530,727.7863159179688
53399408,1188.8443603515625
53422911,2224.572265625
53425005,2573.6904296875
53440467,1323.2442626953125
53453848,1072.5487060546875
53492246,1068.1971435546875
53493239,1131.799560546875
53493607,2582.243408203125
53505485,991.8900756835938
53514869,1822.870361328125
53515043,1725.6781005859375
53543846,1798.9091796875
53551383,1128.8040771484375
53555986,1027.947021484375
53565690,1476.0040283203125
53566290,795.0239868164062
53566888,1161.1053466796875
53568132,1002.5765380859375
53570025,1262.8739013671875
53570381,864.8369750976562
53577158,1420.8194580078125
53582293,837.9903564453125
53588705,1363.496337890625
53590752,831.6427001953125
53600924,1314.040771484375
53603068,2477.32470703125
53626176,2060.6064453125
53635214,1740.664306640625
53665806,2323.8935546875
53697876,1780.29345703125
53704248,733.7576293945312
53706438,1190.6544189453125
53715412,1115.286865234375
53738449,580.4784545898438
53743402,1106.801025390625
53748512,1356.21630859375
53794080,1023.2017211914062
53822487,2028.2620849609375
53822551,1036.971435546875
53824881,1060.265625
53826899,958.447265625
53838904,1034.763916015625
53844258,1292.0655517578125
53846921,1301.30517578125
53869483,1119.827392578125
53899655,838.64111328125
53915922,1125.0880126953125
53945181,951.45068359375
53945356,2774.218994140625
53945694,910.0020751953125
53946302,3236.90771484375
53946530,2442.388916015625
53946728,2238.55224609375
53947388,1164.36279296875
53976664,549.8535766601562
53999861,1520.30224609375
54008785,1039.505615234375
54016151,2496.57666015625
54016243,2559.42626953125
54016433,1677.6241455078125
54016518,1702.128662109375
54016610,1785.489013671875
54030309,1481.7508544921875
54031863,820.3645629882812
54035461,1154.3353271484375
54044103,998.3070068359375
54122768,943.783203125
54136504,960.7301025390625
54154779,1602.853759765625
54177660,1589.9915771484375
54199160,2861.071533203125
54205562,1873.2789306640625
54221818,992.6730346679688
54222481,842.215576171875
54238289,940.7269287109375
54241457,1273.203857421875
54262134,1458.5262451171875
54262152,1552.156982421875
54271491,1743.0003662109375
54271975,2392.46435546875
54279819,1446.5399169921875
54289916,1574.1358642578125
54306522,1183.091064453125
54310833,1996.445068359375
54313493,3944.55517578125
54324630,1364.096435546875
54325273,1453.39990234375
54355373,1069.66845703125
54361548,1236.2152099609375
54361716,1143.311767578125
54369938,1025.63671875
54405334,1425.3026123046875
500568719155129045,1218.475830078125
517749511514510620,946.1589965820312
518765785739253767,883.5347900390625
535968412387690646,1122.3040771484375
541893338699544336,1165.8017578125
541937949212834650,1195.3018798828125
542034607673605936,1065.1470947265625
543105516434727856,1512.3465576171875
544607236352792989,1409.9808349609375
546833321445468228,1770.5860595703125
547103952280826515,1302.7093505859375
548058112004626042,1413.16552734375
548079900042900835,1750.3931884765625
548085184167877752,2993.954833984375
548126874830859879,2291.5830078125
548159984692756975,2296.994140625
548160057780104915,1245.4593505859375
548440285456425225,2268.79150390625
548469225069108023,1229.4664306640625
548475306763081409,977.6981811523438
548799633620644249,1751.1942138671875
548813071327197216,2130.0224609375
548813602276279244,2940.1572265625
548815857495769445,2703.4677734375
548816442196213378,2617.888671875
548831205496405171,1615.20556640625
549026118943430006,1584.370849609375
549170973787006365,934.7998046875
550608060243719690,1047.4384765625
551172189069890429,725.8189697265625
551192247051996877,781.9835205078125
551274170218803201,810.3078002929688
551288574794466890,1628.40673828125
551356706221630225,1636.2113037109375
552005456932872151,1189.062255859375
552867671806052468,910.484375
552893311248735420,1037.2283935546875
552928268999777698,2190.098388671875
553374655352283374,1694.9542236328125
554818932637507070,994.0143432617188
555595066013959904,587.0421752929688
555653587365305590,1670.777587890625
555690266159895765,849.4869384765625
556372464238561699,1246.6800537109375
556391341863093239,564.4057006835938
556578974540683246,1095.9244384765625
556844055573647254,1338.2408447265625
557035135321843643,1327.0269775390625
557121950179430287,1209.40185546875
557496211009457723,1368.2171630859375
557967109403065900,1160.8194580078125
559154235602990635,927.93408203125
559946522297062009,1436.5035400390625
560064221500042516,1058.6995849609375
560656614546010773,1199.7779541015625
560677907700169802,1575.181640625
561267972609485602,1289.619384765625
561445473947175029,844.6807250976562
562125255894419572,1910.2977294921875
562211868253368038,587.278564453125
563353501852374131,1084.6109619140625
563403493071625509,425.7444152832031
563510531320635456,1139.4088134765625
563510594513327837,1428.0712890625
564478336550970141,1490.89404296875
564494132288615020,1475.029541015625
565176292493471282,642.2151489257812
565624641537900716,1299.4541015625
565752852574825702,1664.66259765625
565838456312285941,5061.05908203125
565878627537566337,1060.604248046875
566028065891205462,1198.337158203125
566352066346120322,1596.3594970703125
566464245013870711,1020.7466430664062
566492033229506915,1890.5992431640625
566582542951608489,940.7224731445312
566633330143691483,941.3217163085938
566641908701700554,840.3118896484375
566682176110526980,934.30908203125
566953333212472144,1582.8218994140625
567226280723273848,1371.3546142578125
567333316366935085,1067.5997314453125
567921517899225720,1495.6407470703125
567956789011741600,1264.904052734375
567970668709722845,1283.7574462890625
568164317016347650,1275.544677734375
568405797917630718,1300.37158203125
568655069881096606,2846.65673828125
568666050761884302,1371.7662353515625
569206313114602789,1174.1912841796875
569257338305790919,1089.321533203125
570069424085762577,981.951416015625
570243912112036859,1214.2760009765625
570822362775813229,2485.939453125
571438555611277575,707.6016235351562
571446310604704543,3288.562255859375
571589450926500079,1642.97119140625
571606820475995436,1455.34716796875
571641469562280093,2329.394287109375
571655428687851125,1142.0557861328125
571789270595869495,2264.482421875
571796222127458501,1271.3951416015625
572270547954685121,1039.895263671875
572302396140021716,3142.70361328125
572906205776039060,2082.27001953125
572913022469413261,1666.85302734375
572934510430455045,1474.052978515625
573221359876208532,958.4371948242188
573713581765120878,2207.560302734375
573956012607374918,2216.5068359375
574331798804363199,870.8841552734375
574342446740161308,920.6483764648438
574425967915359632,992.1832275390625
575844865159754284,605.2334594726562
575971658759854641,805.6213989257812
576082888433569880,1321.8463134765625
576427916013608606,466.0169982910156
576550297798498077,1092.6988525390625
576653091718678057,913.4551391601562
576664350428281811,1649.4464111328125
577327727635226409,502.78753662109375
577390843138309730,1405.6351318359375
577423938285957258,1212.8802490234375
577528695190995511,1968.177978515625
577642478487154274,3504.439697265625
577997872207383714,891.1701049804688
579036502492855019,2215.126220703125
579459557409062576,891.2003173828125
579682874500676445,1616.3226318359375
580056114353144029,1368.8316650390625
580987180826804301,1913.474609375
581041467777494676,2262.256103515625
581050074621220869,1115.01806640625
581515972788601931,720.9802856445312
581587113143936699,1701.7056884765625
581764641911249937,1143.2064208984375
581797354722140082,708.9334716796875
581854522497909053,1951.5703125
581894275549751259,889.924072265625
582248233584423685,1302.9822998046875
582377120434450658,1351.8974609375
582492163239728640,1236.0194091796875
582512574524690743,1857.6895751953125
582974358344163409,1110.2001953125
583047484931723096,1100.811767578125
583073149378905300,1467.532470703125
583104551406129577,1739.4429931640625
583181642515449991,1176.0335693359375
583319442519133617,2688.6357421875
583418348970250098,1412.7987060546875
583677799259029404,858.0047607421875
583808302106399264,672.1156005859375
584081365555622786,2145.793212890625
584416241546566204,1689.8831787109375
584437881515498466,2071.316162109375
585272489335919920,1240.9195556640625
585387834564103226,1865.2071533203125
585575772021737308,946.4652709960938
585730547571611595,1058.782958984375
586131174710883856,1361.6802978515625
586245406400907122,1019.1172485351562
586656378137844614,1150.26416015625
586756198751220385,1375.2222900390625
586779508110286010,1125.92333984375
586782424581512086,1045.1029052734375
586803202600651094,989.8700561523438
586810034609652774,727.3433837890625
586823869708281627,1377.58544921875
586895189210928773,1449.79736328125
586920176644872867,1632.7713623046875
587422086971970581,1327.15234375
587443759645372390,1101.465576171875
587543850433570194,1505.0440673828125
587720878009623014,1861.1085205078125
588769404522189355,544.8021850585938
588828023262481759,732.561767578125
588848687706598850,1043.0079345703125
589112527847211348,1532.6617431640625
589121683988145862,1468.1495361328125
590215311632825788,655.1710815429688
591075111565396105,1328.5374755859375
591089804526827522,1194.211181640625
591090844567975248,1027.59228515625
591138124043067215,1306.48828125
591200961397014913,1629.109375
591294115830702102,1007.1849365234375
591880822297552335,968.4796752929688
591968910197108176,2148.067138671875
592442270824137257,862.1748046875
592508534932509966,1099.178466796875
592519561158899876,1115.54345703125
592704042016213175,1261.1881103515625
592708010624768317,812.3301391601562
592734915747733315,578.1106567382812
593080842962827667,739.2422485351562
593119178141325275,778.64208984375
593402639811760028,1353.51513671875
593405878274747830,777.2982177734375
593435399173648956,948.2261352539062
593871822681102220,1236.1060791015625
594026253041180039,829.6737670898438
594038015382458480,1086.9864501953125
594611857554778787,1337.7344970703125
594709893980862734,1035.8880615234375
594915153646472404,1215.350830078125
594976433734494934,1501.236328125
595387578289533695,2474.6376953125
595496436575515320,1243.214111328125
595578200737813832,817.4566040039062
595637137943575818,1264.4967041015625
595662982457070399,1105.276611328125
596044943426031106,1604.991943359375
596057638521184848,1476.17236328125
596073504592325082,1291.0548095703125
596101910427988896,913.71240234375
596356197633652143,1025.4124755859375
596686756971057531,820.4973754882812
596963902851452542,969.7513427734375
597025541175127222,1288.252685546875
597343664195544091,1913.449951171875
597640832572553307,919.138671875
597733639717913225,1284.1513671875
597792337328129745,1158.84228515625
597836828269951912,1334.576416015625
598255019266055187,1276.0792236328125
598260050933995373,1064.553955078125
598314835640881907,1036.5963134765625
598326412003078110,1489.896240234375
598517528564885370,1678.75634765625
598542406095165269,1436.0177001953125
598919124246868860,1009.0249633789062
598953364239880310,2054.86767578125
599025090754189295,762.3551635742188
599066844557041967,1889.879638671875
599110858065395070,713.0625
599135609966095339,954.8521118164062
599671518244799282,1678.3006591796875
599778664804225793,829.1146240234375
599972248205576285,1333.3504638671875
600413299071434362,1603.17578125
601066531867444282,1555.0450439453125
601111865543184036,782.759033203125
601302730873506937,1253.5455322265625
601302779080861596,1235.1549072265625
601302803110293469,1939.966796875
601324769857873728,1668.047119140625
601820830449989046,476.714599609375
601858607575514163,906.408447265625
601973988854405610,1137.306396484375
601979025958857202,895.7546997070312
602016508480623213,1280.7010498046875
602016950205324742,701.2432250976562
602106333618566445,1972.393798828125
602108035373304418,815.2969360351562
602171800203120421,2766.180908203125
602928871224084395,615.8776245117188
603398617445437935,744.0401611328125
603697782801750143,3783.3857421875
603919366618478959,1001.7777099609375
604250015242966237,1227.8427734375
604721110000437372,958.2756958007812
604864099879521046,2475.1455078125
605146742718276422,1665.1121826171875
605976745473631872,1393.6727294921875
606229100811966298,817.2216796875
606338499370295071,1036.0576171875
607091834694412201,816.35986328125
607179022426889940,1593.2806396484375
607640855653786166,829.5232543945312
607676142522925829,2040.6514892578125
607678105257695847,2820.99951171875
607756939971420387,1623.367431640625
607790815663534252,1429.9287109375
607904608921274187,1416.3681640625
607908229229955490,1468.822998046875
607925073408332441,3975.4208984375
607981178210359842,901.3248291015625
608424591784381835,4171.65380859375
608647993745625621,2042.1854248046875
608652095851595635,1359.1575927734375
608678975793814088,1391.4971923828125
608697000865271227,1238.839111328125
608949518146421384,1158.0865478515625
608966325040529326,725.8570556640625
609068437427659659,1377.28564453125
609146809673815858,1299.86279296875
609152810349935006,1086.5975341796875
609244948945775518,1797.1685791015625
609402390849878343,1168.655517578125
610556365001754482,785.6183471679688
610720662459199602,2527.61572265625
611179654813478793,1737.1390380859375
611278142515911137,1684.6964111328125
611284840181747504,1291.086181640625
611332941500839713,1216.12646484375
611427956850661771,1000.4387817382812
612268598224728731,1308.34130859375
613008269596368091,979.989013671875
613432949648909709,1699.62353515625
613436106298084999,1419.55224609375
613522583153575116,1181.891845703125
613594047320882991,1685.471435546875
613602816637414547,1207.7257080078125
613672211852516358,1221.6041259765625
614237515797644451,1084.46240234375
614281081270497330,1019.9795532226562
614297669763961679,1284.3763427734375
614317846820976960,711.0078735351562
614370345221725432,927.0127563476562
614461317166186400,1888.70068359375
614465880495874196,1334.944580078125
614524321575627819,1339.2412109375
614920746529016853,3703.332763671875
614952563023689550,1189.330078125
615062904929087231,765.2128295898438
615127367340522124,1948.2576904296875
615164060779353165,779.4149780273438
615298088073813118,543.6522827148438
615549642781380409,1038.72802734375
615681717296294399,1005.9386596679688
615704581017296083,1530.4248046875
615935466735123843,2605.134765625
616190075610462606,1667.3453369140625
616246998089106247,1363.24658203125
616278992040610173,530.3529052734375
616291814072302344,868.84814453125
616491706159582482,1172.8253173828125
616494099176536348,1433.7445068359375
616519914917798034,997.0369873046875
616545164012634853,770.8180541992188
616612472514791416,2166.18798828125
617070271433443855,1438.05419921875
617144844891653368,915.9780883789062
617263969651923316,1112.583984375
617352293061090382,2765.31787109375
617363674062321762,1117.0794677734375
617373085576384860,639.2130737304688
617714744166797048,1145.79443359375
617904557907767233,917.30517578125
617923283468540885,1420.149169921875
617948435016254424,1964.01904296875
618080364721811928,1206.3167724609375
618505077631264998,1162.115478515625
618528933667382623,1708.690185546875
618636834041866747,1841.4232177734375
618676383083565230,979.0786743164062
618730020197528376,2008.9468994140625
618730045507797696,1355.930908203125
618766203738060966,1187.4681396484375
618815108719139083,2415.049072265625
619233860726348848,993.4039306640625
619426480282591817,693.096923828125
619907338147479575,821.6553344726562
619910350287854403,1169.0928955078125
619916324322067332,979.8757934570312
619917665490659060,964.8888549804688
619935104103850185,1164.3416748046875
619963027687558732,3635.10546875
620157724717832474,1493.3111572265625
620192519271701853,1055.3193359375
620224743430752477,1246.671142578125
620277712062653822,1367.8482666015625
620632109524893104,945.27197265625
620761159024597414,1492.056884765625
620967366503451307,700.7772216796875
621375712382693125,1833.910400390625
621506718665315535,1524.2064208984375
621683283968341707,1581.9739990234375
621699651672752547,1919.80224609375
622086974346596720,1252.74658203125
622160348817184316,2092.583984375
622196949840614977,1002.5650634765625
622368269468200104,988.2276611328125
622421259815405190,1747.13330078125
622438975524432199,1541.8494873046875
622852370168256765,2144.393310546875
622865227137910128,894.0109252929688
623100715235763169,1612.8759765625
623241616517619647,2163.62353515625
623257724163676201,659.4389038085938
623453446792242143,714.6912231445312
623485304639934026,597.3081665039062
623732328976873642,1440.550048828125
623885074854473606,1190.345458984375
623904541216861497,3225.016357421875
623911224407621379,1249.6512451171875
623925607585924183,946.928466796875
623940003812798150,1920.8155517578125
624355005320422779,1250.9884033203125
624566880266178347,2134.846435546875
625092920262765473,960.8301391601562
625279257785898716,1114.1153564453125
625333427853574201,1272.64501953125
625377197823815627,1072.64697265625
625440380733182606,1728.631591796875
625792976048340661,1423.070068359375
626364250184474726,1071.79541015625
626505644403839576,647.8531494140625
626512767689751424,468.7177734375
626592505985947531,858.4599609375
626735575728215332,1065.9266357421875
626794830737962883,1031.362060546875
627202441170441209,1154.296875
627258650981789133,989.657958984375
627300477322638374,1758.5235595703125
627305248682570349,1390.396728515625
627319576634749553,1185.8236083984375
627345106629812440,894.427978515625
627410841564913179,1534.4302978515625
627526624672633338,1054.072509765625
627540275339332090,1192.774169921875
628080549614923206,810.7845458984375
628133811513149126,1254.7545166015625
628286883381976674,1049.3114013671875
628531954042935240,2477.864990234375
628553881668932833,1768.89306640625
628611815204157630,1632.924072265625
628723089027390902,774.5086669921875
629019344066763602,785.0289306640625
629414976674629655,1354.0345458984375
629447977352832822,1102.868408203125
629579534535719075,744.5003662109375
629615505668589899,1604.1605224609375
629663256258937299,1281.970458984375
629793341555110427,1449.266845703125
629996843961698688,1698.1409912109375
630102280716093350,1058.47265625
630103876331028174,816.7477416992188
630113886086818419,1309.5286865234375
630167605033270981,1351.7542724609375
630200693420093537,1100.1651611328125
630285828404826978,1269.0675048828125
631090612608371102,869.6324462890625
631090801576868608,2001.593017578125
631408211629905360,1552.7413330078125
631559232802115403,1333.54638671875
631596481158356939,936.1702880859375
631614190277101507,1279.3468017578125
631671588680222389,1178.646240234375
632190049967762647,1441.6943359375
632273958301454247,935.0363159179688
632286212797036229,1314.5074462890625
632331888693467522,1033.12646484375
632337406126166983,2107.25927734375
632574656787224340,1033.1968994140625
632594077045518604,1127.82177734375
632619187077160023,988.3526611328125
632657637229561903,1169.5516357421875
632941066091550548,1166.794189453125
632980058930949082,1689.339111328125
633046902948779313,1095.866455078125
633054952376640403,1388.776123046875
633064688402458901,1363.5867919921875
633344840308677544,2418.21240234375
633648922495350661,707.0679321289062
633663064456945078,1528.41357421875
633696693489134536,1576.4840087890625
633727663190899434,1073.9281005859375
633737748181709280,809.9724731445312
633739113204239473,443.6772155761719
633866895968332184,782.177734375
633914122350960120,1766.93701171875
634333925045887594,1547.7462158203125
634408643303082700,850.4072265625
634501863508105715,1457.08984375
634507138296534015,1232.2841796875
634838546580522859,732.867919921875
635115663011446297,910.6421508789062
635289603510208652,3115.512451171875
635377552778521109,912.06689453125
635392332161039393,1773.963134765625
635520430917340480,1019.1693115234375
635840412518135177,957.6670532226562
636017319125304792,931.3252563476562
636054016110928421,1072.163330078125
636075309163566595,1226.92138671875
636092167109381092,1591.72607421875
636593259879382809,1155.4912109375
636618181190009513,1149.9403076171875
636654397213380978,1384.6304931640625
636879587000104415,1774.4202880859375
637040307294391307,1538.748046875
637452758955678177,2317.542236328125
637466218647635101,1771.6549072265625
637498931636385755,1272.9056396484375
637552278032028975,1378.9000244140625
637561520480730730,1278.146484375
637578206887446543,702.419189453125
637582584625974810,633.3572998046875
638034187031068546,1539.2451171875
638047313497745973,2187.605712890625
638138342642817767,823.8817138671875
638146009208373796,882.1671752929688
638173804308325518,1061.462646484375
638179954857525210,3874.940673828125
638210725327142752,774.9544067382812
638220796217313031,2104.64404296875
638233004422174920,1560.0443115234375
638304822762548317,2905.670166015625
638305502995597149,1275.986083984375
638337701811262925,1156.508056640625
638383017969164229,983.0562744140625
638386936715714956,1164.767333984375
638399713170172335,614.7291870117188
638470139243849630,996.6720581054688
638675565054745848,1302.3408203125
638740512336390934,1091.5765380859375
638767453099287377,1588.9169921875
638791736928764485,955.7576904296875
638887827568938211,817.6345825195312
638977330942169969,1561.5635986328125
639045271959294038,974.3601684570312
639049404322943658,1636.1597900390625
639063882161727086,2423.4599609375
639066336706674462,855.5796508789062
639135821040637737,1702.105224609375
639167758689741073,1216.428955078125
639452629680744306,1327.2777099609375
639596588167386256,1623.1754150390625
639642335277359335,2302.283935546875
639660799098495211,886.2666625976562
639696891851413547,884.5906982421875
639778687252081999,689.9149780273438
639800310102475375,3207.631591796875
639925412583475045,1359.3548583984375
640145117700759552,991.2511596679688
640261116200568425,1277.52685546875
640375521079773836,695.0358276367188
640386347889761691,2149.737060546875
640470696729694867,1353.540283203125
640575861472253702,961.533935546875
640580528296780786,1389.628662109375
640872341935284423,1598.708740234375
640988137582957148,1072.746826171875
640998803759636454,797.5030517578125
641050578816264359,1910.11181640625
641092575505199685,867.2340698242188
641113289348621293,1613.9923095703125
641252653177512882,1587.0772705078125
641277487084883996,402.2882080078125
641277758926593511,941.8349609375
641947564881344646,1466.705810546875
641955353109727994,1472.8583984375
642334691368000957,1258.9957275390625
642530996027988570,1821.5177001953125
642535356235641766,1370.1229248046875
642598278653045210,1105.9974365234375
642608255500601709,1319.9786376953125
643073765784695455,942.01708984375
643170682384432233,1959.3873291015625
643175170962853519,1530.9755859375
643185320010295303,4284.88330078125
643210453880808094,1087.451416015625
643237670839498726,977.250732421875
643298784279030314,1721.549072265625
643322562434411169,1053.2723388671875
643418153147204661,1949.9212646484375
643432815190273612,1158.8302001953125
643448460858056119,1560.189453125
643821647982098771,970.3162231445312
643840916665734283,1250.3604736328125
643870666535139857,931.587158203125
643896029995639359,1425.9903564453125
643901208566054929,1002.3842163085938
643944177969550828,1382.51513671875
644001016752652530,1337.6898193359375
644206572891201740,2253.281982421875
644225791037072475,714.9735107421875
644255542193713438,1432.0775146484375
644593817206110172,971.9520874023438
644599750397361408,2347.5419921875
644637293586122546,1128.5201416015625
644756494502097624,2073.706787109375
644792551479922176,2353.164794921875
644908530573970145,2257.527587890625
644966662218736843,1382.6583251953125
645433594387369677,1491.3692626953125
645571352955723689,1251.7677001953125
645584679529829902,1483.48193359375
645585640442579779,1103.5850830078125
645604535765498898,1260.0614013671875
645635742364082802,2726.468017578125
645659902829706925,1216.7529296875
646020695292467625,1220.8564453125
646093617884283341,1686.7103271484375
646687454297886552,2503.533203125
646788638676381276,1627.884765625
646893416514350374,1009.5057373046875
646902551701561679,968.1104125976562
646960213271911267,1115.94287109375
647045011210267962,847.4264526367188
647048121836910562,2965.552490234375
647457880876702701,1059.258056640625
647507797654528208,1836.0859375
647537985088054868,840.4370727539062
647594013410401762,1765.1937255859375
647610342955536616,1424.257568359375
647622896579585136,1862.9527587890625
647649921983395858,1113.3350830078125
647676359998476221,1231.9095458984375
647681219198058033,973.9100341796875
647771509838688463,975.9473876953125
647788448106823221,2193.15234375
647805648459980770,919.2150268554688
647825369658051763,1652.4830322265625
647866545932255813,1548.3438720703125
647887909236380823,1487.356201171875
648048823209895074,851.9415893554688
648180852484279010,1231.591552734375
648287776017650503,1290.1038818359375
648307440985068179,2946.035400390625
648325194099758039,1713.6246337890625
648345208610226071,1699.1776123046875
648413803967103325,1366.513427734375
648469790296385347,1109.4337158203125
648546871414984311,947.4895629882812
648568632019778435,1420.3585205078125
649003106115666518,1053.079833984375
649014875497391352,2195.968505859375
649082386257436094,2248.810302734375
649198307714691276,444.057373046875
649220203636952809,1333.3262939453125
649276666291106062,2329.4130859375
649640308502061983,1059.768310546875
649664067376243160,1320.2445068359375
649708075610316011,1128.8179931640625
649710523720171047,1466.463623046875
649772629283588029,2729.6875
649832240977582396,1184.1790771484375
649853108459129866,1678.536865234375
649876319737147687,1560.890869140625
649955809628452263,1268.44873046875
649957705381338340,1393.5218505859375
649971276674544894,1539.3575439453125
650006017088788714,2757.48193359375
650393122943648580,1349.2744140625
650408227182369509,1078.4229736328125
650441536034006468,1025.5799560546875
650507832133246015,837.5399780273438
650738171505165461,1043.139404296875
650740555538300347,1695.043212890625
651065692521350813,783.0177001953125
651291302774955236,1064.965087890625
651397470317632838,1018.1774291992188
651861940016649404,917.5933837890625
651921783143653613,1123.2166748046875
652019687981124294,1610.0103759765625
652058560772005579,932.5477294921875
652133438583260034,1031.197265625
652585555328674063,1378.9908447265625
652628306477471116,1608.8900146484375
652641589212460629,2063.7685546875
652648301599863675,1672.8380126953125
652651609114130027,1397.03857421875
652662808501050777,984.2587280273438
652709775003931118,822.110107421875
652713597190211882,1012.8054809570312
652738042424396076,747.594482421875
652774077732359305,1253.029296875
652793399432120914,1143.297607421875
652794457222559665,1115.3826904296875
652821127580098127,989.1044921875
652823830128252932,1012.83984375
652854964485740835,1113.517822265625
652882894386340660,1145.650146484375
652894261278601156,1181.40966796875
652915579356573346,1169.544921875
652920857480885828,1655.3966064453125
653300411160222195,1109.3570556640625
653318300642304875,1199.907958984375
653332409006473770,1257.465087890625
653373929652610674,978.1672973632812
653393920836495731,2197.40625
653573241910537199,933.972412109375
653590107452180834,890.2886352539062
653605215382724197,1205.0555419921875
653611177332516117,1654.363037109375
653625906218464844,1017.4292602539062
653729860587502314,2043.3275146484375
653932070008026048,1245.6839599609375
653973306504467983,1465.631103515625
654029719413921527,1640.53271484375
654076838314300062,1255.5972900390625
654130786051854874,930.5928955078125
654161944833924976,1037.5362548828125
654286543985018998,973.1823120117188
654366638530123390,1091.9580078125
654686939130315921,1027.58251953125
654751526879139616,1249.4896240234375
654753574943907564,1304.3472900390625
654794931047491380,1321.821044921875
654842895736929326,1169.7178955078125
655002726902402046,822.410400390625
655129368761329473,2123.490478515625
655149959679399369,1463.605224609375
655460494376392795,864.1251220703125
655518189757076016,1595.2691650390625
655582620374822494,2191.828125
655596990869101719,1368.7408447265625
655630178882785697,2628.2666015625
655863780109117675,1006.6836547851562
656203881433112602,874.4560546875
656418912451375925,1245.1502685546875
656493262415413766,1266.5928955078125
656503493564715655,1029.135986328125
656510267739519248,941.221923828125
656877603828056065,1781.016357421875
657076994193144626,1119.1514892578125
657079780222960279,1277.439697265625
657147344126563118,1354.2786865234375
657178428825273085,1017.7061157226562
657190667950373052,1666.7138671875
657297341404262982,829.1546020507812
657719274280044755,1434.5650634765625
657738849400832980,1586.1749267578125
657745714277153777,1349.98095703125
657755365355982212,1496.415283203125
657783961438069144,1303.384033203125
657920333216895380,1035.024169921875
657926853675463498,1063.240234375
658300910298522620,1245.6168212890625
658388322570119657,1869.11962890625
658440319769076060,1248.27978515625
658461780072450355,1009.9934692382812
658505906233119532,1526.711669921875
658628819013374919,1117.0511474609375
658660698393415423,1252.9815673828125
658671337569049174,1427.287109375
659122127142606723,519.8226928710938
659176134453597074,981.3848876953125
659195099356624180,3050.0498046875
659215313703484637,1349.9326171875
659238218257747778,2104.938232421875
659364688178585160,1041.6234130859375
659404856739612190,1484.7340087890625
659413370343183951,807.1983642578125
659460231313126296,1504.5709228515625
659506798780556185,2429.693359375
659749311389011584,2413.03271484375
659755661436061328,1898.966552734375
659803108015888391,792.433837890625
659804718850126711,1831.309326171875
659817464527327129,1469.993896484375
660084266729754449,1656.658447265625
660485714828950562,1152.9259033203125
660558869127866959,1004.3956909179688
660690237169627985,930.28515625
660695581730346832,1222.5098876953125
660706315648380811,1099.5274658203125
660734501754981948,1940.130615234375
661206983412974367,1576.0357666015625
661251747043369982,3059.7021484375
661259402029812765,829.9633178710938
661492301886889676,1483.886962890625
661566236857753618,1623.3922119140625
661569146542461184,1335.599609375
661580906993476652,1314.6943359375
661581332349618661,1033.89501953125
661980493689498362,1306.863037109375
662055924205465783,1970.9913330078125
662072133520546139,1739.5360107421875
662090365728219673,1238.0223388671875
662100837957674123,2929.955322265625
662121866203510153,1340.0716552734375
662241263870902176,1007.6879272460938
662302103216312818,1364.07421875
662793657375229188,1466.348876953125
662818406160626801,1355.8358154296875
662845130803397928,1389.2095947265625
662859830841047373,681.6917114257812
662879328472559295,1123.0054931640625
662896226813982296,1305.2718505859375
662914584382408529,589.4934692382812
662993922346965201,1037.8968505859375
663020619372881851,1158.9683837890625
663387729875271479,869.7843627929688
663475395378477140,1529.699951171875
663477586396106316,1638.6387939453125
663545335923591215,1325.8402099609375
663560826779683479,1501.6646728515625
663651923276074930,837.5932006835938
663657166324321829,1222.1324462890625
663728310073762330,1216.3099365234375
663777215111844674,1161.980712890625
664097118593117808,2309.243408203125
664108083043799635,1176.6055908203125
664129261806394708,1781.579833984375
664182209217342645,1797.27587890625
664192614186562423,897.1377563476562
664208542465549103,1108.400146484375
664351160504073083,1642.8951416015625
664371033231604130,1852.7320556640625
664387613481645974,1453.06982421875
664399281568555404,1133.6976318359375
664505288784482996,1402.843017578125
664870120080993265,2771.44921875
664934124943437550,626.2521362304688
665001320595031661,1805.8013916015625
665032916097449342,809.4954223632812
665107110063197982,1912.6796875
665119957913496259,1097.2056884765625
665160600279478416,1660.5384521484375
665181396630337652,1416.531005859375
665183287838179143,1103.1148681640625
665196480714840768,1231.36767578125
665213884913275250,1319.255126953125
665224255006090824,1182.1993408203125
665292993048914137,1330.527099609375
665621410642738883,1167.2781982421875
665637650669310839,1718.1158447265625
665669641519679075,1214.50146484375
665678933772132867,809.0892944335938
665681640513261717,2383.403564453125
665729333640307271,809.7091674804688
665761710072078214,1308.73779296875
665847378667922836,1470.3123779296875
665878392085852131,1220.5965576171875
665965987430222790,1415.901123046875
666382001392379322,511.82049560546875
666418834338415648,1781.10986328125
666454671809288851,742.0111694335938
666509220272390840,1100.2255859375
666538748593669910,1482.611572265625
666641126300598264,960.0126953125
666668036712719681,1150.102294921875
666670994090260756,776.8870849609375
667292044273801416,1160.41845703125
667346417750057175,1489.688720703125
667516925322084269,616.4029541015625
667766502050040889,1284.6478271484375
667821193331719811,2166.850341796875
667825925194985675,1169.7972412109375
667967497785934387,946.5172119140625
668075714626533273,956.718994140625
668101913537630734,1308.3082275390625
668587993934278947,743.7819213867188
668598255766412519,1102.114990234375
668605636371586782,879.5726318359375
668760416346691166,980.7859497070312
669266777583622745,769.3558349609375
669291634413836036,1221.120361328125
669999278824397537,955.4284057617188
670011413310431897,1636.9390869140625
670048247436920109,1173.7789306640625
670639368073020310,1040.50537109375
670751926751031826,1535.1993408203125
670964572812903387,1211.2559814453125
670999284032804870,1195.105712890625
671028053053886623,1255.3719482421875
671426587786421280,909.7770385742188
671507785251956898,1062.25732421875
671665488778681921,1203.199462890625
671770687092257889,1154.4703369140625
672061672114002742,1753.3236083984375
672365029775511956,1725.7967529296875
672758136817562739,1067.06689453125
672936749171295231,2454.040771484375
673053715659179080,1480.872314453125
673096214819264759,1322.7454833984375
673129419505417216,1341.372314453125
673549709746939028,1013.5260620117188
673550019730915581,820.7316284179688
673569360732857721,1467.8553466796875
673616453797958429,1243.7451171875
673656906240348335,1070.1439208984375
673721931839133529,537.6519775390625
673835253361558447,707.9835205078125
673882379383959774,1178.947265625
673904510863240496,1435.478515625
674232402947877530,1557.4798583984375
674255221186240149,2343.711669921875
674556267763812778,1164.4666748046875
674584570611925992,1075.0240478515625
674593049834770418,1480.7479248046875
674720393726232991,832.06640625
674998802626553492,687.0491333007812
675019645157036148,962.0618896484375
675250895892379005,1048.456787109375
675264145359203864,890.4378662109375
675312702045581138,2195.665771484375
675345024634888526,1875.2076416015625
675402958209258350,1125.923828125
675710263709185678,1371.7911376953125
675740636850079957,988.015869140625
675753358008753294,911.7269287109375
675802227590673573,1191.171630859375
675874400715646238,935.6926879882812
676812318089099136,1318.442626953125
676876727771344885,1478.408935546875
677207316037110893,1504.865234375
677386027878583061,1104.4053955078125
689082612701028979,714.5001831054688
677878202827366217,1177.0234375
677907108885648847,1005.4730224609375
678036156966912796,1096.7684326171875
678039520884923356,1042.239013671875
678106791625272048,1162.6624755859375
678109460615335091,1596.1881103515625
678165914479606574,1248.7349853515625
678210918186869452,751.0047607421875
678217336542112505,781.30322265625
678350968191959196,1370.34912109375
678651220137231922,877.8041381835938
678721875791929277,1000.9426879882812
678724685312628316,1621.72705078125
678762668033978284,876.5880737304688
678772826097402322,1213.1116943359375
678805707542496160,1456.621337890625
678819720345489501,930.111083984375
678836936371916605,1518.95654296875
678852718578207865,1180.501220703125
678952986584113686,1647.0831298828125
679029850218240342,1915.418212890625
679045207569414824,1166.3209228515625
679291129482272762,484.602294921875
679573081303352663,2362.1962890625
679685162518473045,1818.525390625
680111399926751144,1280.509765625
680203967255867792,1988.4442138671875
680248004636015961,892.2095947265625
680275095812939850,1165.9407958984375
680285833943900672,1144.3763427734375
680343282432729225,1519.1275634765625
680716563822111343,1394.2208251953125
680849221884738928,909.2235107421875
681698189068183473,807.1783447265625
682305002039656263,932.0208740234375
682446309674534551,1524.5184326171875
682643833854800273,1919.7784423828125
682978618829992505,1264.2933349609375
683127764127427832,1469.6572265625
683131769361741702,1176.84765625
683135406703224875,1016.4808349609375
683306518492143108,1167.34228515625
683328347003187849,732.7835693359375
683358760338336977,686.9110107421875
683748747701478786,1004.104248046875
683853355360405202,606.4676513671875
683904226233709900,1248.7366943359375
684004021929001355,1209.1883544921875
684048346971755059,1200.70703125
684447780597393368,910.09716796875
684525650737635138,1270.9656982421875
684562208363160394,1049.9561767578125
684659058121435948,1001.7069702148438
684688408879853723,690.3038330078125
684719500810740405,653.0379028320312
684736073114749431,876.216552734375
684776151136472005,2185.585205078125
685240771117970340,2251.7744140625
685523923554222970,909.3302612304688
685860410862624614,820.1922607421875
685910167788878226,830.2744140625
686177819867616560,1220.6129150390625
686686188215153436,629.0621337890625
687053268651826069,1109.5328369140625
687090306448085612,1022.0
687407035089058845,921.4569091796875
687416556755002440,1962.7376708984375
687521584767392113,1269.05419921875
688182861154771971,636.8052978515625
688186327910542690,1038.857421875
688257572767342132,1877.6005859375
688340090103030408,1012.3709716796875
688346414035715520,920.4136962890625
688772875817680940,1298.8831787109375
688780963184447309,1950.957763671875
688876211714377120,486.3478698730469
688995575731460185,1010.76171875
689160307864753914,749.2379150390625
689193810438035299,452.0076904296875
689468915047393444,2654.890625
689494899562402727,1599.9464111328125
689552984410083165,903.334228515625
689596920277881693,1215.295654296875
689608784093698949,1486.7069091796875
689675034755868905,1414.8226318359375
689708560446248031,1554.2550048828125
689734393190992581,596.0843505859375
689750842034320222,646.1151123046875
689790813018376192,992.084228515625
689862742663974289,1408.0733642578125
690290757467651707,1025.0455322265625
690478457335415018,476.2123718261719
691052545912628148,2529.98974609375
691081348944843834,1358.1566162109375
691298557597864930,1023.986328125
691315114746124220,1034.4996337890625
691339782453750771,1954.4736328125
691350045237274805,1124.3804931640625
691763705255844880,1449.452880859375
692392800919718084,851.8789672851562
692501803981927218,837.792724609375
692647812665017497,1467.8021240234375
692713422899744860,584.2197265625
692738413191567789,1039.960693359375
693235058614000649,807.8645629882812
693935189106267608,1760.547607421875
693937226817014040,1358.3775634765625
694159347929595844,1467.0550537109375
694601959311944389,845.47509765625
694612338126403321,1113.3148193359375
694896085185576037,560.6887817382812
695045489424583999,1703.0531005859375
695314773820254536,1892.0953369140625
695406638273984131,1806.264892578125
695469673477560978,1134.026123046875
695480065731296315,974.6397094726562
695580346898835634,1532.776611328125
695726154391131870,880.12158203125
696075484437303477,1197.5133056640625
696137838826825213,1490.6470947265625
696156723411339109,1012.1366577148438
696197551175117602,1516.931396484375
696299878969880424,1353.546142578125
696702749136467263,962.996826171875
696835205464299480,835.403564453125
696906167578405785,2275.684326171875
696932714717959611,2181.562255859375
698219366799783232,1094.0086669921875
698220026079690742,1453.521240234375
698262774743150129,698.3856811523438
698301764358714140,1638.8521728515625
698480113008468727,727.9183959960938
698481912256969547,650.8335571289062
698553099037956565,1347.29541015625
698937942182494018,1810.1055908203125
699078943370413033,1292.0982666015625
699283197284181372,1068.689208984375
699640265627921481,619.7460327148438
699715088400323485,1113.7415771484375
699727552815252850,1333.2906494140625
699858830177696404,1072.33935546875
699886649266680914,1306.5924072265625
699936598125407877,1608.3642578125
699963372984100273,1169.788818359375
700582690155228499,1057.0465087890625
700716353551056335,1064.641357421875
701111313504735121,1740.0987548828125
701113183371247498,1521.1453857421875
701442901714115384,2530.515869140625
701445377399943839,1195.414306640625
701780846190811378,906.7095947265625
701795531768347023,1408.012939453125
701913441939230704,1108.7440185546875
702514984085482893,1517.8031005859375
702835306970788942,2103.595947265625
703380279531692996,1212.2974853515625
703510774852757138,925.106201171875
703512507198448286,926.2758178710938
703640232616366630,1691.1939697265625
703732286107448931,1228.5789794921875
704066942440473883,765.1192626953125
704100590834450237,1257.1668701171875
704197655417315415,1630.47021484375
704391870260043896,1472.08203125
704885784795306715,1221.752197265625
705056347623851544,521.835205078125
705590751652812507,1212.02734375
705755550172389180,1358.9617919921875
705843756197675166,670.2559204101562
706379717096768954,997.6839599609375
706399061647814751,1362.8575439453125
706578811233505504,986.690185546875
706907572929326545,1037.02978515625
706958758171187024,1048.754638671875
707068379082104505,1031.647705078125
707151556213018694,1860.337890625
707750429437527856,567.2297973632812
707872194658544075,1537.8011474609375
707894958557930407,1258.9320068359375
708009419744038290,1130.79150390625
708411969125842161,1576.5223388671875
708556064739768436,1122.428955078125
708610305076954210,1042.7803955078125
708694782432659879,595.2655029296875
708696453442223206,1327.482421875
708737356399045250,640.0393676757812
709123398344600482,556.2326049804688
709290476514204277,922.6783447265625
709334981362627450,866.4937744140625
709341642267471020,1069.8062744140625
709413613822824022,1473.1290283203125
709426003060521140,1346.9482421875
709858559598450239,1559.2681884765625
710147925093586328,929.9050903320312
710592780134054209,2636.57568359375
710683986042024795,1206.1435546875
710730923946620202,1093.780517578125
710734590150234082,1713.618896484375
710825728047109839,1085.1588134765625
711150329258731514,899.8927612304688
711155617301708443,1178.579345703125
711336315698658602,2249.457275390625
711338966039562396,1791.8389892578125
711464773626786693,1129.0615234375
711942777906301793,1005.58056640625
712050671501649497,1146.7227783203125
712654338930962165,946.564208984375
712842657771415797,1080.0821533203125
712884964121545055,918.1691284179688
712965703222559733,1828.4012451171875
712981247011970932,1732.3807373046875
713003416075088302,859.3989868164062
713415759344330656,1426.9466552734375
713737633735216039,751.0126342773438
714264666971816360,1396.2647705078125
714442874003499616,921.5286254882812
714848786999705749,467.8048400878906
715004200751200602,740.43798828125
715012245057973482,1289.3302001953125
715028601985443113,856.7335205078125
715033647453547756,1605.88818359375
715115257934716403,871.3723754882812
715174504248785982,1477.5958251953125
715753566538713098,1349.9454345703125
715815138975636050,1203.2281494140625
715815818854594394,651.6552734375
715943422527220802,1100.22509765625
716426136491924261,2162.302734375
716658312169015337,1723.1712646484375
717369114482700135,1423.3778076171875
717972822101022055,748.896728515625
717985658143995617,1070.296630859375
718434182722341402,1606.8846435546875
718597913114947792,1059.4603271484375
718675327393134806,755.9991455078125
718709063573874048,940.6519775390625
718826334219396660,881.95703125
719228223434049909,1407.267333984375
719497202343491173,929.2669677734375
719564087104084918,969.505126953125
720248264930154125,2006.5360107421875
720839297354094114,1070.4345703125
720860358959160246,1022.7832641601562
720971448419839920,1310.9293212890625
720979352628447197,1667.8704833984375
721020560550941283,983.4429931640625
721424745792393430,810.2002563476562
721594145644083720,755.2692260742188
721688041929762914,880.22119140625
722440670870674320,1343.7869873046875
723011183248614145,2280.514892578125
723558185212253618,1842.6466064453125
723714363546883189,1066.1790771484375
723767946505530581,2502.614990234375
723855231650830824,669.2762451171875
723881843326048403,1368.7794189453125
723897399717333196,2919.553466796875
724274861255049880,847.114990234375
724561125459110321,887.685546875
724576818973015753,1036.2347412109375
725111477521001573,827.2432861328125
725178214689423549,1928.1312255859375
725360115919011149,1086.72509765625
725875530835813795,2299.63427734375
725986992339573797,775.6566162109375
726011699946568870,1123.8564453125
726069357262786652,1616.780029296875
726422595074250370,1201.6087646484375
726433808653378530,1786.74853515625
726680289714183951,657.5715942382812
727219399632967261,1884.35888671875
727240937125012383,1027.0460205078125
727294208066348066,2105.732666015625
728051190626217733,2945.07568359375
728094216837165164,2022.8641357421875
728095030912608616,1131.70556640625
728106079554810775,1297.058349609375
728135646943177161,1473.1473388671875
728684837523016167,1710.2064208984375
728736670175790647,1211.568115234375
728772973390522882,791.3147583007812
728903319771646933,1048.7701416015625
728956399039357424,801.7387084960938
728975001012143884,647.2095947265625
729490467649667135,1502.2008056640625
729584823562467068,735.6312866210938
729618478171310884,404.7453918457031
729631111858068094,1353.302001953125
729710770655265022,2125.003662109375
730459859168662278,1025.526611328125
730766485556457527,2268.565185546875
731145919746845208,608.410888671875
731572896644731155,1501.8194580078125
731625056606044598,1011.4310913085938
731706820028440632,1250.1964111328125
732468631601825745,2561.1689453125
732979847086882275,900.4216918945312
733041040667070208,1897.1898193359375
733233459927380701,1197.004150390625
733778837661224366,491.0530090332031
733867927451297027,1063.43115234375
733922476659375871,1140.2738037109375
734430177253305894,797.3499755859375
734661925911424827,1481.9608154296875
734732439438085393,451.32733154296875
734813772299740205,1399.3817138671875
734827507561713177,1905.642578125
735191735148509402,2047.808837890625
735211204138836276,1146.042724609375
735297223905637692,1336.5693359375
735405046323614345,1471.069580078125
735476645192746528,1047.2579345703125
735513390796866603,909.1610107421875
735520106107287570,1229.5655517578125
736668002027560315,2091.696533203125
736715320251181884,1108.94091796875
736752556587751866,570.4344482421875
736782644842842736,603.4697875976562
736871219921886824,2822.683349609375
736945305526771324,1432.155517578125
737032710831848225,1102.7579345703125
737453204440056976,787.9514770507812
737533555472010081,2204.675537109375
738088961139404964,1147.383056640625
738305361270539226,1401.5804443359375
738812639699746509,507.06719970703125
738892995421595327,1662.9915771484375
738898818750109777,1083.216796875
739006565252025303,1234.6328125
739082013452990670,440.2796325683594
739184738764447853,894.6419067382812
739571203927245235,1539.9342041015625
739830981562335262,558.7054443359375
739852780003607567,1228.8011474609375
739927267931358136,1281.1845703125
739940913684204370,1038.1109619140625
740219455728016068,2260.292724609375
740450802194776346,1229.0023193359375
741858343978468795,1335.724609375
741950878290115826,579.4750366210938
741997872251561788,2167.33935546875
742423448211042792,914.1316528320312
742529136805454044,3242.5634765625
742534387312123925,749.0809326171875
754370225567531375,1067.227294921875
742790027405611368,1045.2979736328125
743375863332542141,2079.674072265625
743451895158316884,1154.2252197265625
743838068110430649,1231.4552001953125
743915725015340558,853.6441650390625
744086830837773184,1246.18701171875
744833708474240421,1762.4906005859375
745319414437919967,856.60302734375
745383910947299597,840.3536376953125
745707906542180004,477.1836242675781
746056521953550705,911.3919067382812
746398828238855594,1512.368896484375
746919020186561409,688.7490234375
747083434219825519,688.5224609375
747537600739206772,1510.869384765625
747589306102772632,1550.1016845703125
747650290463518462,885.1216430664062
747652125537358112,829.31298828125
747680386642887499,473.28955078125
747733421885363581,1262.497802734375
748346420240437354,3061.494873046875
748375814381644971,1277.67138671875
749045798070796704,770.3949584960938
749069874466487393,790.4039916992188
749164568345300022,1386.9747314453125
749173536837888211,849.6532592773438
749836447160566375,2323.96337890625
749910640974761906,2557.42822265625
750101544855863051,1604.3580322265625
751487084462666683,747.562744140625
751789664853551179,1423.2099609375
752971017448931495,887.6766357421875
754175117745030518,1380.9183349609375
754178904522425634,1652.0179443359375
754416372809081967,1323.7652587890625
755002427915496645,888.5792236328125
755058532348655305,2242.781982421875
755106413163162004,735.7893676757812
755208734496121499,1744.436279296875
755505042836482739,1120.52880859375
755623542825769030,1114.9281005859375
755665306366278159,2328.923095703125
756233722729551915,972.15625
756492442053741396,1103.7584228515625
756523656519554303,894.0164794921875
756884485839240765,2610.491455078125
757020438857380088,959.4107666015625
757301502580153479,1329.7127685546875
757724428513631741,1825.1912841796875
757729018257462789,1182.44140625
757841387862971536,1881.9403076171875
758121222789071646,2069.560791015625
758366334110826281,1479.74072265625
759051315064388802,1188.4239501953125
759225779962588214,1256.9503173828125
759228160925842867,1064.3887939453125
759254627424906115,2128.27734375
759872220036642808,1046.6158447265625
759928101780921232,1091.183349609375
759984652511495727,2219.037353515625
760199189827746029,1024.230224609375
760530551691700846,1925.540771484375
761473425510258218,621.42626953125
762290031627660118,723.677490234375
762309648739469984,667.3919067382812
762364084050914980,1345.9735107421875
763398743395592477,999.0720825195312
763435935577593693,2166.496826171875
763650055134531824,900.1741943359375
763685338768834282,454.0173645019531
763756751531070781,1260.95703125
763788366562823060,1425.982177734375
763859486693198345,1462.8385009765625
764244714917217158,1461.726318359375
764428698349458307,1023.637939453125
764563979480146112,919.3743286132812
764592126062810201,1124.825439453125
764962275349688531,842.824951171875
764966817795694902,959.2106323242188
765160623483711979,866.31591796875
766029286450082069,2113.516357421875
766037233063265338,945.4614868164062
766408156692054191,1633.2957763671875
766421709002595997,957.2735595703125
766467174382593385,2186.1953125
766672065263188505,2180.448974609375
767332481062849471,1164.3739013671875
767824143902130772,1196.6734619140625
767929761615951582,1019.1124267578125
768547313030463877,903.40966796875
768648026768229614,5122.39990234375
768705529682896945,794.4794921875
768773282419144482,1562.181396484375
769391731505994378,964.7350463867188
769567682033972159,1134.6448974609375
769587123019096223,1471.79833984375
770055181077716021,918.0003662109375
770101196570315055,577.3231201171875
770136574029278680,1562.640625
770217590974022678,1692.699462890625
770783218255306749,872.782470703125
770817538128126472,1298.7132568359375
770846564301456901,1494.5643310546875
771037814858553443,963.9608154296875
771064470890934200,1092.78857421875
771085588866859643,1645.4658203125
771528296897762409,882.4102172851562
772209972023705333,1054.2747802734375
772221096395658298,1101.404052734375
772295188130419143,1026.6412353515625
772326885545970196,1204.6380615234375
772536118245239087,1362.5604248046875
774379440077690175,840.0275268554688
774408887072285285,1547.42138671875
774568002089889273,1703.325439453125
774727278077790898,795.3474731445312
774755068154097798,1991.720703125
775230934451263819,979.0567016601562
775251278613414937,1183.5535888671875
775275738113508005,1431.8131103515625
775383299181648753,2867.25927734375
775846426542734185,457.6974182128906
775846503923093275,490.43328857421875
775847393293574083,467.41156005859375
775969486017946717,1300.7774658203125
775975445513026763,1336.034423828125
776124152079391393,1159.740234375
776604853581591817,1392.0145263671875
776805069124367785,1177.926513671875
777294781670540498,2466.70947265625
777326235820271254,2726.773681640625
777385244777080152,1472.8802490234375
777613005846214924,1345.3826904296875
777944155228284205,2955.8193359375
778119234105211268,1845.473388671875
778777988123709230,1200.718505859375
779473625799477240,1638.393310546875
780106904714874183,1650.490234375
780185839268228169,1530.4796142578125
780219800062520446,1059.6802978515625
780523605730819840,1463.5234375
781021399428881517,908.7861328125
781037208663457896,1880.7142333984375
781628720012090064,814.9813232421875
782383748386210851,1966.7803955078125
784713591093665501,1253.3677978515625
784727863711178062,1308.3507080078125
786067230175968961,1579.4549560546875
787023019636206182,2480.65966796875
787495219375970435,769.8426513671875
788166039124649442,1108.38427734375
789587483631977630,1198.297607421875
790393455576771199,784.01611328125
790633746189275089,909.0043334960938
790926551014433830,982.091064453125
791100166904556409,1273.042236328125
791101667382176296,1834.449462890625
791104894793377640,1499.2291259765625
791143736800157589,1096.22998046875
791712852667744332,888.6572875976562
791777533335013508,1126.0899658203125
792784780565961722,1413.9195556640625
792797147759687668,872.5604248046875
793335972387971520,1098.9193115234375
793594624993344473,1389.9337158203125
793898547605797489,824.0465698242188
794024505399337099,1820.1719970703125
794658561440865400,554.2957763671875
795501359623282958,1137.7476806640625
795562082871120479,978.0953979492188
795803656383691970,1272.5357666015625
796270065324553965,830.1369018554688
796382108093979029,1017.9232788085938
796481507280315047,621.4690551757812
796878383174252616,2112.376220703125
796886427758854337,2069.191650390625
796931336776024745,2496.86376953125
797144921876751357,1510.44482421875
797238269836743805,1141.38671875
797482897874470884,1049.951171875
797547156361924702,1002.752685546875
797758301058523571,740.3793334960938
797799568802421032,679.30810546875
797835834836393857,1285.3585205078125
797862320975017789,1005.6717529296875
798306347233668931,1157.974365234375
798474317116324583,1218.5938720703125
798565494837024739,1847.7974853515625
798636838468004583,1471.6402587890625
799746899556393423,1279.820068359375
799957079742669191,994.063720703125
800057611631240961,695.0032958984375
800377946408142371,672.6181030273438
800390010143725567,1495.011474609375
800435614684296878,1399.1273193359375
800506097499989951,1445.1787109375
800511090682386792,1037.117919921875
800574012521608057,1070.7943115234375
800614077074360174,1858.7960205078125
800803903193530221,1503.448486328125
801200417758626957,3652.196044921875
801239922694581774,1917.3052978515625
801274954761776157,1653.0042724609375
801295560651420497,839.7584838867188
801315093982349621,1155.795166015625
801344294634446299,2269.0673828125
801383119344791598,2611.647216796875
801438110812244294,2317.207275390625
801441326600366447,1675.1885986328125
801460268263752405,1881.7562255859375
801468420496790302,833.5347290039062
801469062970576399,1389.082275390625
801694029280953374,1650.1375732421875
801894730324060926,1451.2010498046875
801916568331125399,1135.2288818359375
802086318109135562,1044.488525390625
802123836237223182,1221.8466796875
802150746921587375,827.1129760742188
802952223826769513,583.1992797851562
803285651645056858,1276.19921875
803437090973780712,1989.540283203125
804100864758240603,2397.3974609375
804171962513631672,2171.035888671875
804203408644693886,1408.9053955078125
804314787076355621,2091.01513671875
804372199848816646,895.9356079101562
804808332416758244,1765.576904296875
804894633877808281,1143.35595703125
805031541758300351,926.6597290039062
805048310898643501,1566.7677001953125
805071952855270223,877.6432495117188
805615395234175308,1327.4512939453125
805707050345644010,1425.539306640625
805731579476357370,1134.4710693359375
805742371070483187,2249.520751953125
805821948456799327,1108.0045166015625
805853309478831219,1261.92138671875
806053204781959914,818.436767578125
806265082882271279,1710.400634765625
806437865702629602,1002.179443359375
807254308213157328,1495.003662109375
807938906452666357,579.7640991210938
808507171122384807,825.6903076171875
808532851083672223,1159.1741943359375
808570179606610450,2130.11181640625
808724249182528187,1611.0662841796875
809345476489857135,861.4022216796875
809361360898265805,1059.7890625
809478602351754713,2726.707275390625
809850592048577902,1677.6129150390625
809900075520524121,1264.9390869140625
810010968579780161,606.9092407226562
810013354168682458,1681.300537109375
810067123450224114,517.2337036132812
810154266582621578,2543.562255859375
810652776536822522,1117.57958984375
810662200943887706,981.4579467773438
810691471359190007,1383.64501953125
810789359914335922,1336.89794921875
810914812749406975,3086.9892578125
811307945010276420,1252.030517578125
811365312608439801,771.2149047851562
811411219335534634,1843.56201171875
811515767330330862,847.1614990234375
811686137378660000,1596.920166015625
812050222007280168,987.7381591796875
812129057217923576,786.840576171875
812148273123980102,1118.5379638671875
812351114542093469,2493.947265625
812358686608757130,1003.341064453125
812391034054985208,1948.8414306640625
812761199289426838,1890.1483154296875
812861836126399156,1684.8450927734375
813121775635423464,626.4588012695312
813513199797553247,1558.7601318359375
813591193260258708,1401.391845703125
814270151763816920,987.292724609375
814524745668826043,1417.8916015625
814995401377460710,1156.6785888671875
814999282474506505,938.3092651367188
815072930585962849,1025.1761474609375
815102524873039206,1009.6021118164062
815140679937484254,1103.1490478515625
815792237746299297,1019.1128540039062
816398948142388257,1079.1783447265625
816459267135645461,444.98785400390625
816501601895296932,612.520263671875
816569342670829644,409.07037353515625
816594560287563127,1405.0531005859375
816753703269934172,1254.177978515625
817271378280066039,1334.6904296875
817275699533691222,1281.3502197265625
817313937431652234,722.7982788085938
817387332500516255,1525.1085205078125
817408450955385881,1211.6143798828125
817519474705431204,896.294921875
817726133139206679,1610.918701171875
817856702622696806,372.5811462402344
817890959270386343,1573.3428955078125
817925286622533490,1400.6209716796875
817948535153811185,1400.5848388671875
817997693854318506,1425.8338623046875
818000302295986258,1288.3369140625
819223715759829819,991.9918823242188
819639620137047341,1366.9451904296875
819975281468832277,1777.9888916015625
820036301523968491,1183.56884765625
820097707887184773,2105.273681640625
820119917704047411,1168.939453125
820124171819099070,1433.8272705078125
820130524951133229,1002.7301635742188
820324455236103296,1534.7071533203125
820341611069866806,961.8561401367188
820385465558643786,1525.9273681640625
820836435286601900,863.4010009765625
820847635606149352,759.8281860351562
820874304456843520,1589.77392578125
820975714809594214,2070.4091796875
821020860126778323,676.1416015625
821376540010543406,828.8356323242188
821610522655379655,1152.072265625
821675127446932113,1456.1070556640625
821710816281217594,1775.3170166015625
822264863387304412,1466.3404541015625
822518018935586830,1262.5533447265625
822540739549853224,812.6629028320312
822880867309087265,1424.9346923828125
823068935045964084,796.51025390625
823077841069422341,1791.013427734375
823178971206381005,1801.16357421875
823197421705266505,1161.1142578125
823646937898013161,1323.879638671875
823701532556866845,840.616455078125
823772245067994509,2549.73583984375
823912982423426105,889.8790283203125
825059517488875732,1655.045166015625
825078715014720999,1083.2628173828125
825234743469778507,568.6380615234375
825284593529349340,926.4208984375
825310775614772117,1300.1959228515625
825376990476305934,2334.17626953125
825535421886116060,854.1528930664062
825789572526909794,822.7190551757812
825804470649110911,1703.2401123046875
825870492083223246,989.4949951171875
825950579704467165,980.1484985351562
826023801174847800,1681.4488525390625
826655394421128707,832.939208984375
826874300277310056,874.3429565429688
827424609762155346,1162.852783203125
827490853377406629,953.5462646484375
827939555931971770,1285.607666015625
828030834302527023,1179.68115234375
828072327598191255,911.9423828125
828345859424215555,1280.9937744140625
828655768954089711,1147.30029296875
829456589945928334,1009.533203125
829471527768195396,2434.8740234375
829537466014428395,1154.189453125
830126688671558777,629.61669921875
830128339623425186,2800.870849609375
830179346700504166,885.7337036132812
830241956874106726,1370.48974609375
830262466527634286,945.7986450195312
830347116465609579,818.9765625
830348294856888478,1156.444580078125
830411586719124474,2195.06884765625
830435791216922345,2908.328125
830556709596125427,561.4488525390625
830899370311037557,1931.95068359375
830908447146376488,1056.7977294921875
830984529270398048,1195.437744140625
831030857257896122,1325.9185791015625
831113926092442274,1571.76123046875
831125505357508841,2482.89599609375
831230448747120927,1213.2593994140625
831689683426945913,1687.697998046875
831915336424746607,1000.9828491210938
832554683074878565,1016.1034545898438
832989789490034682,1289.456298828125
833034287285174971,732.9816284179688
833254781382921648,1434.553466796875
833359729961599124,663.8603515625
833399667049669393,1834.1353759765625
833901485130053449,1637.20703125
833982962608352838,1711.51416015625
834559471966216433,1970.144287109375
834658450114959437,1483.5718994140625
834668786819492008,978.511962890625
834682558398333706,557.8960571289062
834694255372088692,1949.72119140625
835160401948188348,1065.83056640625
835184746077219961,1694.099609375
835377045434595082,1576.63818359375
835382569086401743,1102.9400634765625
835421890406393123,812.6780395507812
835431963341054658,999.6650390625
835467908910836721,1334.7777099609375
835563358855601846,872.952880859375
835589025105013067,1069.93701171875
836265350043992618,1393.3642578125
836795704191786593,1285.3333740234375
836819747122993237,610.705322265625
836980504442775002,1197.548095703125
837314912200406041,1871.3387451171875
837629016058481383,1250.2691650390625
837750360233978485,2860.69091796875
837803873536447781,563.9208374023438
843947797811292085,1412.04052734375
838179366058030296,1610.67578125
838996025931499718,904.05419921875
839590788419975971,915.817626953125
839642163371105702,1291.509521484375
839698837429274794,1053.8671875
839775500963013667,1362.401123046875
839778617542859725,996.8019409179688
839900896049732233,775.968505859375
840385246135328326,739.0925903320312
840422341857113274,1721.481689453125
840449754472293778,2454.696533203125
840455108662152963,2451.000244140625
840514902868684703,1278.05859375
840538809359306915,942.9258422851562
840543339321498835,1037.950927734375
841322652359129943,1694.9857177734375
841343549178575709,3759.68017578125
841352535065238282,1202.9898681640625
841695861552529840,1940.29443359375
841800416328201981,1365.52587890625
841888455726975973,882.1149291992188
841944662782096571,1140.7833251953125
842108799337866780,943.8214721679688
842484523059987007,874.2060546875
842769853059343020,947.4678344726562
842798457598327683,724.873046875
843202845287437286,1153.76806640625
843275314483553412,668.5923461914062
843427896583403414,1098.2078857421875
843929349613839650,982.0863647460938
844098581457856202,1531.475341796875
844209922285294654,870.2673950195312
844618607712850532,732.1470336914062
844644877690085317,989.3839721679688
844665962941422366,812.8452758789062
844681408229578339,790.3500366210938
844747755852691896,1838.9649658203125
844824463071544121,1029.2764892578125
844907707875088626,1279.0238037109375
844974188123544750,964.8782958984375
844977041953954960,1315.142333984375
845124031182183855,1291.6512451171875
845438606416207556,1091.308837890625
845538451266457727,1475.9307861328125
845570481045747994,1506.7218017578125
845574374641184017,954.232421875
845992828176275778,1171.57666015625
846062481800835663,1659.4881591796875
846099790280655749,1298.8695068359375
846144559649226756,1186.4654541015625
846174684404568437,1134.687744140625
846250211666373676,871.0043334960938
846404624679629094,971.3324584960938
846826200881225454,981.7826538085938
846968973387858495,1962.2376708984375
846975673544488660,1010.6416015625
847039498300015637,612.6396484375
847071108514248779,1166.966796875
847094415023472514,2679.6103515625
847108390964232512,1816.2337646484375
847216760468159619,617.9058837890625
847443411793047978,991.7158813476562
847596757039510142,1193.709228515625
847638740606259660,992.2125854492188
847670128633752104,1386.927734375
847742006436720636,664.5966186523438
847880619518402596,1616.090576171875
847881321316690710,930.6400146484375
847939402709146433,1627.7464599609375
848254551571499218,1958.222900390625
848257776097349958,713.6633911132812
848301246651505343,719.7609252929688
848454477022693610,2706.9736328125
848482158235116200,1271.3284912109375
849032307713490574,800.8634033203125
849054756371092483,936.0478515625
849086924367274841,943.9769287109375
849987935494716125,808.62744140625
850081686116752677,1028.3602294921875
850387727809503661,872.2322387695312
850420862374737300,1046.158447265625
850486703254038266,1759.138671875
850537907600205199,1148.564208984375
850558849104499205,1324.9149169921875
850568192027225343,1063.3057861328125
850579766583678211,1124.65966796875
850589456612371263,2237.186767578125
850643984767645456,1086.2681884765625
850696321212754692,1230.504150390625
850787120039948365,1149.9556884765625
851192609570102876,915.6532592773438
851218229698162598,469.0668640136719
851341764859544592,1335.54931640625
851415673292132798,1872.1343994140625
851442578127803325,1470.5010986328125
851507317579359507,1812.6688232421875
851829909789985803,713.6358032226562
851889484847610083,1862.5697021484375
851924441951321624,1391.713623046875
851925397787089920,578.9161987304688
851983071326435618,1013.0303344726562
851995015103674531,1098.302734375
852020975180120434,3617.390869140625
852031405643538506,4679.666015625
852032895491226725,911.5894165039062
852033581445747249,1718.552001953125
852110250664568407,1310.662841796875
852533332052319050,1140.4588623046875
852587484390367062,1506.5457763671875
852715362152070300,1204.7742919921875
852785661042792227,1115.074462890625
852816993174614411,982.7578735351562
853328259628309313,785.4406127929688
853556029563219312,1035.857421875
853563996462460256,956.4016723632812
853663548448363312,1357.4224853515625
853934050418932698,1474.0712890625
854260389398428594,1210.017822265625
854273227513843914,1265.8333740234375
854289147219385139,1109.8834228515625
854705233589029458,1694.7237548828125
854819827300425498,1345.84375
854882676094439948,3003.673095703125
854888400141407600,1101.1585693359375
854978737513578792,1389.3262939453125
855022242928641612,1193.8037109375
855078637577723949,1834.11962890625
855511720873784861,1106.3399658203125
855515427467245671,1531.16552734375
855516180512708239,1551.8148193359375
855665418726658877,1530.1473388671875
855699731194225085,811.8280029296875
855759000794030830,1205.429931640625
855797973939688182,1562.48779296875
856130674627931619,1157.911376953125
856170154009257048,1246.78662109375
856284953594198584,402.1472473144531
856376383139216295,1577.7232666015625
856957812968496418,998.9142456054688
857116919455720846,729.3291625976562
857270378940463938,1516.812744140625
857597752236480857,653.6250610351562
857768561506161194,1009.4136962890625
857824649615475882,1620.337890625
858396833290446571,778.1135864257812
858521358779897856,3118.140869140625
858528541815939554,647.8488159179688
858683594333517202,606.0506591796875
858701898123208149,1802.958740234375
859170643477836001,1196.5341796875
859194795065429478,3561.177490234375
859216378658135792,944.305908203125
859290122422524355,505.0007629394531
859470069968962335,670.460205078125
859783309668108199,1309.6280517578125
859788178319650818,835.7561645507812
859859787022949029,1238.3857421875
859868868252685480,924.6161499023438
859920440480670309,1032.156982421875
859950935451914884,962.629638671875
859958926288718757,1438.9891357421875
860014938392282731,958.182373046875
860040291499754315,1217.6422119140625
860067422224449072,805.9668579101562
860086295540022930,1013.5662231445312
860110538697074104,982.6303100585938
860628570309310405,1062.2877197265625
860633723264551475,863.8330688476562
860765004154131081,1514.859130859375
860788742729141516,1670.554443359375
860813463472169828,847.9602661132812
860975600592179872,950.5147094726562
861257204770783503,1419.344970703125
861321959271670684,1258.425048828125
861376163924367979,1220.30078125
861575085357531731,1522.488037109375
861623014207294955,926.680908203125
861623081283238203,1336.418212890625
862082508106837547,799.743896484375
862204240809282034,973.6669311523438
862978584357257779,843.7094116210938
863110287269664849,2481.619384765625
863431942200525685,520.3750610351562
863484941527174502,822.675048828125
863490929373734836,538.8726196289062
863497733782565723,1012.9447631835938
863606584983615460,2164.117919921875
863643730673001830,1056.13818359375
863687027277360723,966.0428466796875
863702723280883752,1016.1509399414062
863737089430805772,1129.5223388671875
864274932285238094,1185.8983154296875
864289886480956304,1800.443603515625
864376490988398315,1802.71875
864461400293110102,941.7819213867188
864869845242000301,1116.361572265625
864925913349462106,1794.8148193359375
865211979628434882,960.5380249023438
865805505146578796,1022.8267211914062
865953584039231154,684.2869262695312
866312785268144934,1161.6707763671875
866433083294342069,1550.195556640625
866583393105320275,1549.581787109375
866602316331465711,967.4414672851562
867233411622143323,867.0718383789062
867243462553678815,1307.7532958984375
867366730867258406,815.2373657226562
867380650404468855,1613.071533203125
867421085734088379,1065.45458984375
867759315947963395,1424.796630859375
867793184197899408,1077.6845703125
867891369487799910,1236.571044921875
868022807947818252,998.5991821289062
868100449592153165,735.3682861328125
868109841600541916,1272.2515869140625
868197268704647362,1287.2080078125
868753287500913696,911.9075927734375
868822321879466662,1714.4710693359375
868880727694187561,1619.1416015625
869245813585674471,1295.026123046875
869246228577414803,1013.1700439453125
869261920658298893,1055.6236572265625
869419319453154066,1239.599609375
869422765863106879,1168.9678955078125
869520376681090861,781.22265625
869646692546338664,1245.5716552734375
869659252384049405,1611.4537353515625
870071782291009571,1941.4351806640625
870080573980239975,1433.7274169921875
870127628937787118,1665.4744873046875
870134129526212383,1460.265869140625
870194730214377277,800.2411499023438
870613465534305953,1810.706787109375
870807935920568320,1895.3062744140625
870932279684581518,1212.298095703125
870976646027592238,945.8695678710938
871011240936150196,1245.6387939453125
871034885791287438,1049.657958984375
871608731811969450,969.5708618164062
872158370240763973,971.7846069335938
872192372062021637,917.7033081054688
872199975614998179,1077.68408203125
872245866218282970,1316.5325927734375
872290614368473916,738.884765625
872326279522584663,1094.2576904296875
872406963938805643,637.2376098632812
872534545946520167,920.5802612304688
872996790129977686,2123.8583984375
873042745168316645,1950.6190185546875
873864101083425873,1459.5650634765625
873892097129337823,2910.531982421875
873901860060219315,1532.3824462890625
874010649422953686,1903.691650390625
874383067670690440,1320.01513671875
874475087477498664,885.2057495117188
874489185283971093,2408.062744140625
874633958018831571,1252.8714599609375
874798945032281073,1048.616943359375
875205321581800194,1037.6363525390625
875277330195342299,1535.4908447265625
875294533216837605,862.6783447265625
875704376790430423,1993.2919921875
875777477473428536,924.8143310546875
875806732608851871,829.8519897460938
875812903937963461,682.0043334960938
875874618321170502,1246.940673828125
875880510668795409,893.7877197265625
875891516158410829,1234.6651611328125
875915001006381605,743.0890502929688
875936447077318944,1104.3505859375
876011477498222788,2189.322265625
876024591502751954,2507.0791015625
876036478499466656,906.0017700195312
876095584942425068,1131.606201171875
876128738819264240,2248.0263671875
876514773996027039,548.3526611328125
876532181861313011,1282.8021240234375
876575755134493843,1225.226318359375
876586488431016597,1001.5099487304688
876621287903374596,738.4237670898438
876623863399688906,1598.341064453125
876668499876522036,772.7290649414062
876786905040650853,1680.434326171875
876826671083944995,1088.7808837890625
876830355916766480,1087.5552978515625
876830456288537016,1595.6253662109375
876839799115457770,2422.945556640625
877445796761373979,989.5615844726562
877464602645483946,1207.0614013671875
877495040942588637,2296.5458984375
877522101397492430,1328.4246826171875
877580976190265025,817.5115966796875
877877370757814387,1325.914794921875
877978427138878463,979.391357421875
877992834730477396,1327.6387939453125
877994327402325949,949.2804565429688
878003715495030913,1838.2255859375
878127079570337277,1397.455322265625
878685105430532565,1114.7786865234375
878806620274048517,1247.4603271484375
878941042570104409,1329.8270263671875
878968333366778107,1289.1832275390625
879014598901827425,1051.4866943359375
879371633538620309,2861.380126953125
879450287588138518,833.6023559570312
879740810388360362,2143.300048828125
879771874283932469,1211.9405517578125
880292646242893663,863.365966796875
880467873919416568,2545.3974609375
880781537329003519,1542.1143798828125
880957154551181305,630.1915893554688
880965683993281428,1102.1181640625
881043188589829932,1563.149169921875
881077908285834772,1173.8299560546875
881133344493701452,754.6622314453125
881161000464767939,1031.20849609375
881167357226113498,1090.048095703125
881205170939839339,1456.821533203125
881545211836342445,1256.0826416015625
881658672270776826,2072.857177734375
881669549018721962,1137.0870361328125
881679777284521600,1786.589111328125
881696142041065902,2018.342041015625
881760014512032055,1006.1057739257812
881838547542187824,1613.414794921875
881857821690638502,1006.4424438476562
881916527012636257,629.9989624023438
881917685352548929,1968.5189208984375
881946669024827832,1640.3416748046875
882011799785544209,836.607666015625
882244023485776139,1160.7701416015625
882268824497044574,913.4699096679688
882321148014768693,1521.8583984375
882388623097827544,1047.6553955078125
882432648808620984,539.7055053710938
882534928303585297,1336.6051025390625
882610184376920150,1364.2044677734375
882637109397890283,869.1011962890625
883052114675446901,1183.1549072265625
883100795108314318,2285.209716796875
883117549892606729,1124.0811767578125
883282562506655441,822.4331665039062
883302772630845228,872.2076416015625
883317671424810400,1225.515869140625
883335771048526120,718.4801025390625
883731795617678536,2172.610595703125
883928100298836145,1281.333740234375
883952022438972865,1799.528076171875
884493152600532089,1902.3406982421875
884673914728358365,2028.1004638671875
884724710716949161,509.7987976074219
884729610325135527,1486.5338134765625
884765915914719540,1860.3787841796875
885179484069294756,1325.0634765625
885264358481420509,1117.4873046875
885318512194561640,2281.91552734375
885332204218960899,1230.391357421875
885382157513283075,1498.78564453125
885410447691108555,640.276611328125
885416533539439565,2280.761962890625
885440824702183521,1065.6331787109375
885561343470381517,1576.7525634765625
885983283888655561,1135.4368896484375
886011640665850330,1494.847412109375
886036251083980944,2587.84423828125
886041852240554295,2172.094482421875
886260970129938801,991.9649047851562
886265128610789668,2040.787841796875
886271714234966579,836.038330078125
886315875919318165,1157.3958740234375
886726010061536687,1067.7469482421875
886751062929734228,839.1573486328125
886764739127470613,847.1752319335938
886788135150096480,953.1403198242188
886867021070575817,1156.694580078125
886960461364269501,1424.908203125
886966562320414107,1133.5867919921875
887026340520335368,951.2159423828125
887311785047408295,1090.314453125
887418681944669521,1291.8670654296875
887482875446681202,1609.2139892578125
887541891381653282,693.1160888671875
887555583659657576,1272.820556640625
887587355615492807,889.7698974609375
887648971743217464,1295.23193359375
887673814454638751,746.0294189453125
887687903217320510,1301.04443359375
887693927803706412,707.930419921875
888023450295107149,1290.01953125
888093920144761987,1293.50048828125
888190134884754053,1817.1585693359375
888191004128331233,2128.33837890625
888237995378686447,1536.9208984375
888248327991640228,2673.239501953125
888251557930440026,1311.2940673828125
888256533190398706,1064.2572021484375
888406512736310643,928.7764892578125
888425946142386880,1386.8079833984375
888436116860570339,2257.709716796875
888462034206994063,1326.6318359375
888783079984212241,1149.3072509765625
888832656722067672,1813.4569091796875
889294134349174040,466.58453369140625
889473100411727139,986.6962890625
889537282444846756,575.2676391601562
889594531591143583,549.3235473632812
889662746707737417,1665.5555419921875
889719765652907584,996.6011352539062
889841192088354437,1673.3416748046875
889874571463603976,1829.2005615234375
890518276138452068,666.9525756835938
890583555586277977,1469.5078125
890583653853166572,1205.5196533203125
891001364480686588,1035.61669921875
891028088603290498,3012.802001953125
891114992846342811,1305.420166015625
891206079170934505,1208.058349609375
891209671673691248,862.0941772460938
891321390141671818,1915.24560546875
891651243268535373,1349.1051025390625
891713040362016436,1773.3157958984375
891775708575697596,466.3573913574219
891815440379230341,1071.01708984375
891848575437100671,1354.463623046875
891914674608407300,1455.275634765625
891985212356749405,883.0481567382812
892046992606065865,2682.210205078125
892050057003495642,1212.317138671875
892415378452011395,2312.33544921875
892773217530754456,929.8646850585938
892810089945167320,1594.4510498046875
892822616338053885,2405.84326171875
893153896785059193,838.2047729492188
893164033821480551,989.6419067382812
893185768164204700,1232.88232421875
893205806387162374,1580.5277099609375
893311405520336787,931.3679809570312
893334735661000044,1507.5272216796875
893961707407073251,721.1046142578125
893970819243039209,1195.2984619140625
894057811075206930,1199.3807373046875
894113281659202817,917.137939453125
894148704189325673,916.702880859375
894535740374605667,1503.35302734375
894617708996789040,566.0899658203125
894632212816883981,1099.6046142578125
894760220143535388,1369.475830078125
894801997354800272,552.516357421875
894964911798242949,1599.16259765625
895360093783326186,534.34521484375
895408770467565232,1679.468505859375
895440356771284215,1856.727294921875
895457388756608318,1220.4422607421875
895513713214984663,1737.9539794921875
895658888473483598,1165.22607421875
895709933528469961,999.320556640625
896027366449957150,876.1651000976562
896102776824064388,1279.476806640625
896132560769631621,1333.8843994140625
896148285815372141,2466.4365234375
896201362485849060,1559.9698486328125
896272841250601442,1204.55419921875
896289805180973212,730.8794555664062
896303552824383093,2009.57470703125
896324350795023896,1020.9425048828125
896330379268819149,1025.6671142578125
896344213336540593,1936.994384765625
896350432751017478,1125.551025390625
896355156759752508,1108.89599609375
896383464415606564,1183.6925048828125
896419598626709002,1808.8193359375
896449965543105427,1155.84423828125
896812978340872066,1544.6314697265625
896812982603284683,2678.65185546875
896833763707245820,1085.510986328125
896852707535294421,1071.3883056640625
896891752379794337,1119.951904296875
897075774419402850,2063.0380859375
897096123893735360,970.638671875
897474354487606377,1928.1689453125
897519319315296918,1510.837646484375
897544601765722972,1329.7750244140625
897590380318788035,736.4786376953125
897637326839009137,1109.6217041015625
897746993612455592,1773.6822509765625
897825629604128726,1466.994873046875
897836122591803022,1037.7432861328125
897845401383237322,1401.8759765625
897884480341171761,2120.68017578125
898201856165067753,1064.884765625
898209300958669680,1857.12158203125
898257557072396564,646.5027465820312
898277440466174774,1569.2388916015625
901804679761767968,1693.2657470703125
898329245733838656,3353.41748046875
898345495158162582,1306.898681640625
898349715109959543,2011.46044921875
898353730833580294,2039.15869140625
898427224218943800,915.4832153320312
898585465058470491,657.84765625
899030329118213164,693.5203857421875
899037814071419494,1046.4150390625
899095658658079167,1847.1910400390625
899097340171381750,2704.47509765625
899329487650893791,1136.81689453125
899677934904170952,732.2113647460938
899745843489450154,865.5193481445312
899862601144965656,1917.7471923828125
899866026961272107,1090.578857421875
899987052914521844,1601.5045166015625
899988770196341966,1733.111572265625
900026073511821440,771.4454345703125
900032760429411083,1459.278076171875
900328403576358998,1014.8568115234375
900423174683523109,1870.8629150390625
900485901045246978,1113.7958984375
900536384944038218,1332.058837890625
900582018339195092,985.85546875
900622240169504899,1284.1373291015625
900628055654939288,899.9678955078125
900702830159903340,1084.849609375
900709068058509116,755.7703247070312
900729804720113566,664.2573852539062
900795376861259247,531.7276611328125
901180373132123756,962.0604858398438
901226414410517867,816.2312622070312
901260086802287362,1145.2039794921875
901265704772696092,1233.9342041015625
901320775859864505,1225.7562255859375
901404137567034257,956.3783569335938
901451266439495158,851.074951171875
901477470442218960,1610.586669921875
901485420517626461,3194.073974609375
901528858656951891,1829.7049560546875
901570005622939349,1513.7391357421875
901904358062557963,1459.699462890625
901920126898009746,576.730224609375
902034366231930503,1125.4532470703125
902095588134517281,945.167724609375
902172756443164310,1337.3936767578125
902185905850996103,2712.095947265625
902218391650838529,1187.3321533203125
902286811660453796,1485.95166015625
902564125708955070,918.5053100585938
902578806564618234,933.0656127929688
902603102863289513,602.5343627929688
902625476458105383,1746.001708984375
902632741168200496,839.5748901367188
902636939616516728,1512.6749267578125
902763387575017448,1712.5948486328125
902836588714201603,1540.612548828125
902849722058738835,1116.9658203125
902942166729866282,636.6146240234375
903004115935164258,627.0167846679688
903241827523781852,2123.79345703125
903291738270753635,1927.132568359375
903322287194031874,1403.07861328125
903348030930662713,1009.1968994140625
903410245527503822,1020.0526123046875
903500553528679993,877.339111328125
903509476285953201,1999.447509765625
903558047581338275,1261.214599609375
903584891834605094,1147.680419921875
903632153137732926,885.9341430664062
903708101508613752,1612.8128662109375
904000925615478745,1143.6910400390625
904036320704305085,993.894775390625
904132398547470443,1129.2210693359375
904137349762910836,1015.1397094726562
904401563766468695,1368.8394775390625
904416270090601493,1698.48779296875
904450350279950630,860.0006713867188
904727441766739867,1183.3592529296875
904820928449249619,1457.3701171875
904955426415511737,869.2804565429688
904982275241745023,1024.71435546875
905006982671077769,941.4205322265625
905070657534891368,1033.66943359375
905119766040320261,1430.7374267578125
905133756819129668,1467.7769775390625
905430836673150656,936.6749267578125
905553771266895499,892.7898559570312
905588034996162278,1155.3582763671875
905657577781176242,955.4612426757812
905770183138149778,1091.794921875
905772137483082042,1020.2439575195312
905791632690797867,1779.816162109375
905856315084290962,704.7235717773438
905875587314113845,2317.87939453125
905910989329885947,2187.16552734375
906115199736601066,1017.9874267578125
906168708761232391,993.6694946289062
906279293816253513,726.9451293945312
906310330890266101,2217.097900390625
906433990499824599,1253.920654296875
906434517629237784,1381.5384521484375
906435519005685659,1354.784912109375
906449079300515943,2543.3232421875
906480687426071899,1236.5498046875
906543586052627705,1596.007568359375
906558234072769878,960.8338012695312
906958805409366638,1640.551513671875
906986276388026701,1229.1026611328125
907027289509944481,1200.4749755859375
907086064780631911,1375.33642578125
907137566741343139,812.7886352539062
907174112051963109,1814.8841552734375
907174157722048304,1863.52880859375
907191239898031206,926.4425659179688
907229694370047451,897.70068359375
907232381797735772,1233.520263671875
907251088492967703,2149.397705078125
907253653250879466,1614.529052734375
907278653441782515,1065.9515380859375
907326959339013389,930.9243774414062
907739008882134179,2653.630859375
907852636189953754,869.61376953125
907894862464195031,1001.5372314453125
907925815075060913,617.01025390625
907997947568134899,2249.6279296875
908014229967765013,1149.3302001953125
908019748218895638,1258.4580078125
908415500039934033,1302.6702880859375
908422653652354919,1536.9473876953125
908477883927683817,2544.449462890625
908481303988083015,726.3733520507812
908502668483108917,1437.42919921875
908504412461544760,1343.33251953125
908549461310646323,1042.4241943359375
908559232146860989,1299.4305419921875
908658527171337477,1469.2890625
908834924931522659,955.5054321289062
909052706981787542,1672.0001220703125
909069268764161796,902.5204467773438
909122464017656544,1375.3397216796875
909191639921178552,1368.507080078125
909205146381619759,1072.5830078125
909223418422922716,1232.8829345703125
909277017556896334,1368.6219482421875
909305930811582410,1276.2801513671875
909355286550363146,768.7609252929688
909431457926814216,1918.347412109375
909802083811167719,1788.049072265625
909829541908846964,2001.45458984375
909850881016440003,487.2030944824219
909886830243429051,1754.147705078125
910043227239848469,1760.034423828125
910101566704168163,1112.3731689453125
910173855396155528,2034.995361328125
910197712233095001,897.345947265625
910582830333814568,2239.5712890625
910607632209875826,1115.121337890625
910615693535186790,867.263916015625
910711853082914399,2377.75048828125
910722039970132173,1489.0667724609375
910745858615077080,5345.080078125
910748714133244311,900.548095703125
910811189499857995,1012.9887084960938
910847661897903538,783.1436767578125
910859467416417808,1027.59423828125
911230012307175603,890.7528686523438
911280243822966683,1272.8297119140625
911284298971744682,1807.1182861328125
911292362182958176,1008.0304565429688
911297631876453676,866.1409912109375
911317199390521070,712.9470825195312
911340208747014853,1290.301513671875
911353835947070025,1188.329833984375
911376472326981868,1322.0924072265625
911394738674274433,2368.6123046875
911395761162563691,1216.112548828125
911415190582948929,1417.77587890625
911428811485586043,1041.726318359375
911428975449018911,805.5913696289062
911455275130590598,1352.263916015625
911464732454235729,1317.8135986328125
911517470048499856,1386.649169921875
911518528398485350,1347.925537109375
911552707903105353,2046.9716796875
911602312788204292,893.2430419921875
911610321045986834,836.0259399414062
911629658526956448,1065.374267578125
911651462345385305,1184.4447021484375
911679788339745706,525.478515625
911979215796505888,2619.266357421875
911986204140635049,1541.4398193359375
911987793417708252,1169.2591552734375
912087357361315042,1017.2928466796875
912102237530002941,829.3101806640625
912204124258421784,1800.675537109375
912209046213377156,1108.9080810546875
912211012560299218,1427.6304931640625
912233013152396770,1051.8189697265625
912233102024075762,789.4351196289062
912257492836409305,1154.31494140625
912262770153252101,1386.48046875
912288023999836109,1385.6947021484375
912291444483073469,1391.6717529296875
912314207532716156,1131.80712890625
912335740365231910,836.4143676757812
912346904500263815,1400.745361328125
912350787669937030,1981.884765625
912373235747785327,1672.9273681640625
912379763776920431,2085.694091796875
912415723683739188,1307.260986328125
912426750099223234,808.9432983398438
912698155619720018,999.1317138671875
912854361991142365,1073.69189453125
912880351254455563,1327.9854736328125
912912369971594027,1007.2113647460938
912971289128698785,855.2566528320312
912998728686506449,1140.053955078125
913010677090275214,1271.994140625
913032345253716712,1044.4251708984375
913045977630128436,2152.603271484375
913065765625045467,1320.365478515625
913079301359113315,1313.76806640625
913090716809284240,530.1261596679688
913099093404332450,1357.1944580078125
913112558461512634,1013.80859375
913113199850920639,1570.247802734375
913391866791748069,4497.70068359375
913491684344555523,963.351806640625
913564901863988205,1315.1185302734375
913582187645790202,1133.0301513671875
913608089845189351,1171.1451416015625
913637007988552741,982.8751831054688
913671315972346607,1306.9366455078125
913683436300641075,1157.86376953125
913705053117589531,900.9449462890625
913769824142552776,1969.5794677734375
913798723544979385,1161.8382568359375
913859816670671549,1071.206298828125
913911165761780489,796.2772216796875
914151337682233413,943.0131225585938
914162764142755033,2174.9501953125
914191916798089833,1365.1890869140625
914200053013410118,1226.2939453125
914330098939655908,741.9375
914375815604550237,1892.2803955078125
914411900536158874,1076.1400146484375
914541991810220715,1650.93603515625
914565910034706160,1787.97314453125
914583414224592640,1708.078857421875
914822448052201523,698.9451904296875
914871442702972193,991.8749389648438
914879372876313829,1207.5269775390625
914953962927727291,416.4042663574219
914975462637560323,1040.7403564453125
914997105927729471,1824.9022216796875
915049202292883206,975.1925659179688
915058788628984450,626.6793823242188
915067545263237826,1042.5361328125
915122140991776247,1186.039794921875
915241259142550838,1367.6263427734375
915258685009305013,537.4188232421875
915572745085757436,1392.454345703125
915579836875859221,1036.3538818359375
915690969159750107,1235.3765869140625
915809931551533886,2564.252197265625
915814681343901672,2113.095947265625
915817602223964870,921.4283447265625
915819456067151218,2002.903564453125
915848737187339502,856.6983032226562
915869518273528315,1102.495849609375
915952497293579772,568.1078491210938
915953659074471868,1729.5579833984375
915956560036170030,1863.0816650390625
915959326654464833,1595.9619140625
915963000067277021,2016.07763671875
915968158980885221,1881.837890625
915971809710358754,951.3984985351562
916335621975116853,871.623291015625
916342440920340656,1370.0791015625
916360117689579915,1372.08447265625
916369268582537106,972.1400146484375
916381311648965548,1410.485595703125
916423348756314302,1008.322998046875
916459081266101871,1146.936279296875
916494363486512434,1808.2213134765625
916509972534541035,1270.78076171875
916517809710278981,998.9576416015625
916553586368211103,678.9066162109375
916565278591070001,2373.2890625
916609047346387817,774.6365966796875
916616078340946934,935.23095703125
916629920559593610,906.169189453125
916655705958412912,1136.60205078125
916661911615220417,4536.150390625
916667349288154542,788.1806030273438
916686904572937837,726.4055786132812
916692016861032634,1433.057861328125
916715236578812246,2578.7880859375
917146314025123928,1048.917236328125
917154008005883118,1398.1375732421875
917185404823953549,1382.87744140625
917212427520585997,1701.327392578125
917222526372619393,1137.0306396484375
917271682757716622,1724.1688232421875
917288295362759689,1063.5443115234375
917289179256324165,1785.5631103515625
917320284104321690,754.4842529296875
917329092206242476,892.0750122070312
917359629648210053,1009.999267578125
917396976407127285,1243.1844482421875
917410994805028219,841.463623046875
917435188286691996,1742.407470703125
917460185828745689,1362.261962890625
917818790163382731,978.87353515625
917829420395948903,1130.0933837890625
917841702393378947,1384.5499267578125
917953472461430235,854.585693359375
918033899827103832,920.0838012695312
918054760749361884,1253.330810546875
918088164708097104,1170.848876953125
918102211612827012,1003.6227416992188
918103211633697968,1285.55419921875
918113019928471731,788.4369506835938
918132140199896962,1531.76025390625
918151708317600452,1332.4910888671875
918154881229756533,1599.0748291015625
918185270215667908,1612.6204833984375
918191132778566005,2047.6944580078125
918467442812323488,1220.958984375
918563598956832144,2149.523681640625
918563771543488760,1414.2630615234375
918607219263512735,604.1717529296875
918661957723026868,844.6202392578125
918760930034673622,977.6170043945312
918791840079545552,1743.0885009765625
918830375709280716,1443.586669921875
919282737944859027,873.840576171875
919333490315666740,1358.2537841796875
919417079087815676,2616.41552734375
919613195329293559,1067.0357666015625
919623251015159861,1055.912353515625
920081955852137906,1573.136474609375
920085012127588258,787.861572265625
920121483050561233,1320.213623046875
920133912760730610,1108.30224609375
920138334840356896,1324.5450439453125
920254336288492534,1186.7447509765625
920255708745347463,841.5110473632812
920363373349828466,1005.5056762695312
920686043676517000,1415.490478515625
920717184143773948,948.8306274414062
920782879506913406,1830.11181640625
920861362792910349,907.5198364257812
921091830753033230,1577.3409423828125
921111092783123466,1386.930419921875
921421617024667372,1414.338623046875
921478913800771302,1365.693359375
921520563764743727,1258.3697509765625
921522216126013609,1789.249755859375
921593667910636917,1331.1634521484375
921610510460416999,909.6007690429688
921613261732070182,999.8988647460938
921688998992845234,1663.7796630859375
921714179066965954,1032.7197265625
921740936282847480,2251.418701171875
921746074628799365,1514.0540771484375
921755762964186273,1089.3896484375
921797921137724568,1899.9896240234375
921808698274009508,1370.5943603515625
921820881061621569,1828.0218505859375
922197139129516564,1205.0992431640625
922230366524123043,1320.1512451171875
922238943126815079,3574.471435546875
922309634727666263,1009.2532958984375
922328714913028366,1357.837158203125
922366698358198704,2751.345947265625
922457696968542231,868.55078125
922487186287292784,1575.5755615234375
922494217064864523,2060.491455078125
922503396831955111,1588.578125
922794307936225005,2083.5390625
922847418961441576,1173.4842529296875
922879985585770516,2372.62109375
922899221517096350,1154.522216796875
922916599712611704,3918.7109375
922916730667344992,4054.564208984375
922917286061219450,3370.553466796875
922945267683188882,1981.4404296875
922959975355771956,2609.36474609375
923002909169673175,482.46331787109375
923015907217721265,408.4957275390625
923120338260219782,2289.064453125
923135657882337569,1076.7998046875
923148954022309239,1179.998779296875
923215362035613092,910.0181274414062
923226908774445934,1107.8115234375
923267271281620376,2254.5087890625
923280616854757068,985.966064453125
923579606601131270,944.8397827148438
923698909777617002,3038.560791015625
923725784314896500,2352.59228515625
923732028359950964,1212.845458984375
923747132026662805,1403.989501953125
923865596829844541,754.6077880859375
923881007466442715,1320.5242919921875
923884054999954212,920.6268310546875
924378975660012375,2812.941162109375
924467888531463421,3229.893310546875
924589482860265359,1456.967529296875
924597969732074194,1403.4154052734375
925024421683052932,1093.20947265625
925079501610018918,856.7073364257812
925117676672036185,1144.885986328125
925199629905583869,2273.300537109375
925219704862635003,1118.5321044921875
925342618958200788,512.5144653320312
925351773390206122,883.4339599609375
925424794157256529,1290.0286865234375
925718959627788756,1350.405517578125
925856544299804907,1190.373291015625
925924026543503542,990.7776489257812
925966184521353959,2419.011962890625
925985098495446965,1567.864013671875
925998118470700985,1969.2713623046875
926178588010274718,1578.5621337890625
926632370828736802,801.55810546875
926685682514464579,1041.9744873046875
926719396769092318,1227.51708984375
926736604416731372,1660.2127685546875
926759104479711652,1237.810302734375
926765102010007181,889.6420288085938
926780217219605155,1108.5794677734375
926782375419845827,670.1871337890625
926812185830356427,1206.3409423828125
926821523852494673,742.8712158203125
926831962091219864,720.939697265625
926839720005083532,677.2620239257812
926847499402038643,904.839111328125
926974805786795346,940.2129516601562
927207360649309540,1610.7626953125
927239076003197810,6260.77490234375
927263817750460574,1425.3154296875
927271418977648369,1133.427734375
927280552755153616,750.9111938476562
927281766489967750,541.6504516601562
927287835136179946,1027.049072265625
927310588671324785,1412.0614013671875
927353419972148413,1823.7916259765625
927422428283342087,1092.662353515625
927439451524505099,1123.658447265625
927467840167132876,1511.75341796875
927503025571301024,1115.8751220703125
927511434474559804,1188.768310546875
927520589560269247,940.8971557617188
927526475262486650,1146.908935546875
927526831477363210,793.67724609375
927561332131845909,1268.8355712890625
927568539185290603,916.0939331054688
927569673320325084,1251.500732421875
927570273347652368,948.5670776367188
927645100450671332,1784.7021484375
928002171311830604,1216.260009765625
928046469723512047,1498.444580078125
928100001384310005,964.2042236328125
928108404828649282,957.0899047851562
928208037967354186,1058.3297119140625
928223098886845424,1021.434814453125
928223123624558630,948.628173828125
928229331789035898,1004.5361938476562
928311988949919364,1174.150390625
928376757874184896,1200.0087890625
928732737767090743,1889.2423095703125
928762011619073195,1070.8214111328125
928863968878732064,1108.36572265625
928879134056735500,1617.8642578125
928898353333313867,1287.332763671875
928920064796082682,1384.3609619140625
928955593463851325,1268.783447265625
928963398205290465,1209.3297119140625
928997166101653420,755.4142456054688
929026661683718480,1742.259521484375
929057299904489867,616.6072998046875
929077564993845902,772.5324096679688
929371724427168932,918.3216552734375
929400382583546777,1365.2548828125
929442976718850896,2045.4566650390625
929474950825974236,1022.4381713867188
929498634550225087,1049.8619384765625
929605884462396848,936.6414184570312
929630136359842894,2188.272705078125
929696123629948813,731.7395629882812
929715316428321618,996.6948852539062
929718089330192799,2026.974609375
929732860574351404,1138.7635498046875
929734442292522596,1001.7700805664062
930149456494556582,1858.7330322265625
930181100826416901,1946.6790771484375
930209901994009907,1248.6663818359375
930215792546264100,1264.2052001953125
930233833766501639,2475.890625
930839699024130835,1364.3157958984375
930850988365896329,1247.4954833984375
931018879771772841,887.45458984375
931125051604775193,635.8807983398438
931130381382565363,747.5969848632812
931135393258957339,1360.474853515625
931254670835730680,984.8114013671875
931588123323992719,466.5504150390625
931635323934636120,869.96044921875
931734597837650710,1294.255615234375
931754066225984370,1812.5330810546875
931797627106886425,1394.96484375
931851766629394703,1655.827880859375
931852041469242460,817.2766723632812
931857986690906676,1057.3067626953125
931880976203134639,709.20703125
931881445180436789,1056.9713134765625
931886298735310637,1688.596923828125
931919346831310671,716.5180053710938
931936916394378239,1004.5333251953125
931960953732121370,1365.2542724609375
932056358217309892,924.76220703125
932347620311161661,1784.49609375
932361171466655578,838.9794921875
932377725363883474,885.1626586914062
932395321998172563,856.1075439453125
932462563267471311,1066.3515625
932559312998494642,1065.5838623046875
932572991739879567,889.7125244140625
932591356542110840,1554.3514404296875
932632404361334895,883.1982421875
932677840215196255,1867.0172119140625
932698141016155712,1057.307861328125
933028900642702160,1679.207275390625
933031665925521911,888.4422607421875
933095565261468775,631.036376953125
933098649635447525,1288.00439453125
933183151630571841,1424.9556884765625
933196921493835380,1530.132080078125
933235163902171493,939.0987548828125
933237194567265473,697.2374267578125
933316120763177433,1275.16064453125
933399914332841828,1625.7711181640625
933728222184367471,855.6973266601562
933754520715613868,2019.8033447265625
933811461411859508,926.7623291015625
933815860864369952,1050.750732421875
933820884566454262,2264.9501953125
933846091445706096,1959.3387451171875
933948599537615087,852.8323364257812
933974059527187996,1203.4112548828125
933975708241334397,1254.955078125
933986927550220380,1582.8792724609375
934032473268809844,1361.8505859375
934070058016375423,973.6585693359375
934101946185249927,1734.6337890625
934584119750917239,1489.7633056640625
934593661140787313,1228.832275390625
934613394125010069,1141.1612548828125
934696290592219758,1056.084228515625
934703790918647589,1080.4754638671875
934760500908785664,1283.6575927734375
934797797565987873,1392.9381103515625
934921707697185254,490.9762878417969
935272603866847038,727.63623046875
935303269783951061,1139.6650390625
935394464866188622,2729.846435546875
935476670485527783,955.013916015625
935844412082473036,2518.522705078125
935993660634313805,1060.632080078125
936003496371144201,1414.0963134765625
936094744333390829,932.327880859375
936177208327125152,752.6962890625
936621076550460755,806.3814086914062
936634844156282349,1027.2667236328125
936657259806752772,2062.081787109375
936672438017025746,3187.1796875
936687649260887883,1805.2310791015625
936749865033852591,1282.125244140625
936767552629927408,1077.2552490234375
936770945718076722,1197.8619384765625
936862267015441333,958.5588989257812
936886204693089923,1389.187744140625
936932846213264778,978.8427124023438
936941540245156737,962.9880981445312
936969045119070535,1333.2359619140625
936985101334554284,824.7092895507812
937013177178261204,886.452392578125
937043519381582270,985.5360107421875
937086614770945710,1002.1378173828125
937284416381248342,1186.8778076171875
937363366113543562,864.707763671875
937437713025934295,1043.3878173828125
937466784940295809,813.9909057617188
937475087143155557,620.5516357421875
937487164287812267,1185.113037109375
937592790165367635,447.8231201171875
937597057714372017,871.704833984375
937682735761340277,960.9383544921875
937712583731556658,1091.609375
937739107253870955,468.6756591796875
937806095322526065,826.4739379882812
938091065717010233,1591.016845703125
938104195111254278,2151.57958984375
938331406409031701,858.1182861328125
938408830119749628,772.7013549804688
938452610531693904,1232.70703125
938825928444454519,1957.85205078125
938853155635499498,1053.4342041015625
938855324355358267,1443.7725830078125
938867914428103622,1292.5989990234375
938905434393109837,903.5765991210938
938996132761018690,739.4310913085938
939011902291151882,821.0075073242188
939147460483333116,1076.1842041015625
939148814489993185,1104.68798828125
939382452687290986,514.2387084960938
939538812167199431,959.77490234375
939615144678763550,1811.250244140625
939711236453941215,1743.5235595703125
939723952471457241,1167.85546875
939811073703502398,1289.18994140625
939836032656880517,1959.4190673828125
939922729081738247,782.2210693359375
940362172620379176,1262.317138671875
940485418625570013,1017.0651245117188
940553491280961076,591.6593017578125
940631208906863763,1129.201171875
940950851040613689,1490.4970703125
941063037131511358,2338.52197265625
941133746735790289,1594.0623779296875
941343671846844633,1452.3509521484375
941712932339660733,1042.912841796875
941833190028512936,1109.9337158203125
941869321446768864,1052.7923583984375
941899166422639759,842.10986328125
941991456437754634,1163.1502685546875
942097689680464323,1181.3026123046875
942112021084388531,941.24169921875
942535037543827309,955.017578125
942706204711029737,1021.279296875
942792572906800858,944.9056396484375
942835226182235163,875.05029296875
943186567564718958,527.7405395507812
943247425159513888,922.4365844726562
943265172286796497,1373.6402587890625
943301152476175895,1147.408203125
943311444873590259,1687.2333984375
943393978587802645,1909.8785400390625
943486522482730875,1247.828857421875
943511137847863040,921.5717163085938
943837226035000663,979.47412109375
943899356352929248,984.4339599609375
943911305748179511,1041.890869140625
943914734437839581,1249.455078125
944082915080377035,894.990478515625
944233231131255644,991.919921875
944695062262386430,1054.906982421875
944763553333786366,721.6078491210938
944861776069780978,890.2984008789062
944905966328345970,1377.6260986328125
944955140553447137,1108.874267578125
945397370055937171,1006.009765625
945413608739140785,1273.273193359375
945507057272903800,1722.89990234375
945566414598539634,1563.9212646484375
945728302422630462,1444.8621826171875
946090907865092988,1003.7688598632812
946220953825084807,3673.74853515625
946228585295508460,1026.4232177734375
946238273845683939,1077.6470947265625
946257067924074316,1296.9166259765625
946784601211533544,1066.0162353515625
946887444821466741,2712.273193359375
946897790127295602,955.6596069335938
946981010389555532,1028.00390625
946982015896532099,633.6671752929688
947040295547253005,1095.9234619140625
947079558813100387,1024.1387939453125
947531304343460751,856.60546875
947607538316210477,1115.092041015625
947629849395179129,1934.326416015625
947689116273064590,1300.0302734375
947704594430599146,1816.8187255859375
947724327103742508,665.5287475585938
947781694032324502,925.6614379882812
947781812252977047,934.201171875
947834826384844038,978.7403564453125
947860381545538226,1974.9493408203125
947874691087952184,2223.335205078125
947915469664957004,1328.3992919921875
948282709254049180,1214.5430908203125
948340710392151123,1561.8511962890625
948396657334391591,921.5338745117188
948640485660588369,1055.3441162109375
948946805833105135,1407.5487060546875
948986606747308652,625.8317260742188
948991546949692088,527.71630859375
949022417450243738,3375.566650390625
949149868196091219,421.85748291015625
949165244483428885,1216.309326171875
949174243614150765,902.7595825195312
949225279362534022,1565.64599609375
949296510516634207,1430.6917724609375
949353930522282966,637.044677734375
949679970984614111,1063.0789794921875
949686015324482707,1609.3192138671875
949718411417305021,1014.9425048828125
949782895136998435,733.0330810546875
949951557720109858,713.4467163085938
950009452766401471,1246.431396484375
950515652737945262,1107.026611328125
950559286794836418,1502.6588134765625
951387542870153729,728.0205688476562
951394363697158733,927.6280517578125
951418304105708600,525.67236328125
951445017296403685,1524.392578125
951488919416458536,1433.55908203125
951885133745715993,1015.3010864257812
951991807888638959,901.39453125
952047466156737388,1150.2401123046875
952054221085925222,926.5221557617188
952077064779409801,808.3916015625
952156360212287792,2265.809326171875
952156638003574258,630.4691162109375
952161158858978145,1255.7596435546875
952211418553072480,1657.4031982421875
952614858434548630,1249.65185546875
952663987889963569,1712.9788818359375
952664157128464977,1137.7276611328125
952841771799068369,962.125244140625
952844144528479443,2160.53125
952891970685161143,844.5125732421875
953283143556767902,1468.3983154296875
953355071889341927,790.94384765625
953364236470788651,1372.02685546875
953379150545630398,1064.3760986328125
953422248382353375,1405.68408203125
953654991983539606,1984.3531494140625
953657925190321137,1594.804931640625
953667780120925301,1239.1383056640625
954069116282194442,1032.08203125
954076923311809077,936.674072265625
954245993756076059,1978.7255859375
954277377214543452,672.4716796875
954846748575169055,980.0072631835938
954872679110779232,1341.755859375
954926690871503427,1204.085693359375
954942700570233145,1060.949462890625
955005131027737221,929.2816162109375
955075594513241505,1043.543212890625
955535662334037925,1060.0814208984375
955671719304076923,647.9852294921875
955802240918315516,772.2244873046875
955912746146557923,1867.5936279296875
956230076736193193,677.4020385742188
956463176498489428,828.5673828125
956954804974720689,1475.7349853515625
956999816147653775,1163.1658935546875
957068268460264243,1691.6199951171875
957081946950833915,893.3875732421875
957170299226425017,1210.687255859375
957194894349740061,542.5117797851562
957206172466244517,1438.347900390625
957262245174944420,1239.05908203125
957701824083958244,3833.019287109375
957821164348677246,1066.71044921875
957908298295480773,1147.6507568359375
957960018641201161,1085.97119140625
958013615589759875,968.0128784179688
958023163421006891,1442.623291015625
958025950630130446,1138.88427734375
958096825150047513,1172.556640625
958386891999495454,1330.207763671875
958541239206857387,988.0875854492188
958558480998854661,1285.3990478515625
958640841334995354,1349.620849609375
959039379183898042,1974.093017578125
959166806983660864,1354.5166015625
959266039393773928,725.7783813476562
959421403184588311,1514.297607421875
959465232261013294,1035.0726318359375
959978545984187103,2467.167236328125
960045090395395034,1191.938232421875
960086395207995893,1106.9056396484375
960107919371444586,556.5903930664062
960121208150861167,2345.346923828125
960822296578033724,1130.418701171875
961266457832632890,1253.306884765625
961373243076514989,890.3460083007812
961520646317744962,1018.0399169921875
961526597648217873,1297.614990234375
961711352491775843,721.6285400390625
962238876535867041,1427.9520263671875
962347977016691693,1010.2967529296875
962400752748358505,885.0396728515625
962424164164561713,1330.5576171875
962500602175330983,1521.3428955078125
962778388629824113,1551.212158203125
962793481860784677,3114.401123046875
962816906574575696,601.1683349609375
962836292504979289,999.9733276367188
962937347743427317,2101.8486328125
963066355766632931,1060.87255859375
963444391561464992,2814.951904296875
963449512174136903,1076.795166015625
963497007240626024,1930.966552734375
963533394755416708,1267.404296875
963642688265881103,574.3338012695312
963686462007011409,1271.7100830078125
963690947303793271,834.8856201171875
963772627391776710,1163.52001953125
963871904903129298,985.3718872070312
963929354640276607,1199.0001220703125
964175717499718829,1012.9297485351562
964178646168097009,1979.904052734375
964246166065500414,1391.3922119140625
964418816794771737,1522.9007568359375
964438588324397341,1090.755859375
964457017336398626,964.7681884765625
964559865800984937,1890.0987548828125
964560070732371276,1198.72265625
964594600457251000,998.1083374023438
965013408717592573,691.2317504882812
965150501480777109,1151.888671875
965183160280496983,1091.49169921875
965205790655624110,1351.858154296875
965252434232567805,1314.16064453125
965734456908223857,1475.7603759765625
965766121612199068,1199.0927734375
965809385538056360,924.8028564453125
965955452043587440,843.8782348632812
966480890817159896,765.8619384765625
966507522355322883,1032.7088623046875
966548456986368495,2820.961669921875
966644279918191667,498.62396240234375
966702967994319225,1138.9951171875
966713617685308126,1302.7467041015625
967232348955651973,977.17333984375
967270497292227750,1069.5643310546875
967433059434751050,1498.9930419921875
967751735349482134,1597.083984375
967956595259401052,905.1328735351562
968019781296943633,1233.428466796875
968127761396017365,954.4715576171875
968647013656570457,1638.517578125
969285573930421454,1405.336669921875
969365369172297237,1625.378662109375
969409980522284329,1220.00439453125
969501151868755369,1296.493408203125
969527972483770859,887.5359497070312
969545825664327170,1320.178955078125
969613349798340338,1716.605712890625
969628378265474656,826.8018798828125
970056480960636240,1471.725341796875
970067085043310417,1651.528564453125
970070856363953632,2332.896240234375
970094808516157816,555.5255126953125
970703574742168444,1227.7601318359375
970805996619200439,489.2445373535156
970966148929658415,1298.804443359375
971044154404482475,1670.51611328125
971051354678656989,1421.796142578125
971434534444820978,961.1553344726562
971502197500472884,559.137451171875
971689225642995581,1144.4150390625
971723177857251371,458.0096435546875
971800897982792593,2499.739501953125
971808891634476567,1496.2425537109375
971866201316108552,1061.7569580078125
972201106893895038,1805.05712890625
972303411251139744,1019.4398193359375
972373514970462401,975.4835205078125
972403823041483963,824.2499389648438
972446149795572992,868.5520629882812
972473472491671599,926.1264038085938
972549194735196232,1120.80859375
972907147301337922,1290.07861328125
973055886897004764,882.1915893554688
973072095527360362,1980.14306640625
973170537509877340,981.7339477539062
973222036099565068,1437.8497314453125
973323390229944517,979.2431640625
973654304470390846,1472.5001220703125
973812480391123266,861.3618774414062
973889451401097535,1060.12646484375
974020872539434482,967.5860595703125
974029899322204376,1554.59326171875
974303747047757272,1161.2811279296875
974319564068650376,1211.5953369140625
974345780211580888,1235.1402587890625
974384367742598091,704.2943115234375
974622603301573119,685.6616821289062
974717732775160906,2645.027099609375
974775132129785461,809.7280883789062
975044477524016683,1198.7718505859375
975124623528507898,1500.2587890625
975158896925413644,1156.2237548828125
975256394666213534,1209.0751953125
975797369719513661,1052.4451904296875
975801751849259032,1383.5308837890625
975843690237170650,852.66748046875
975981021601740572,903.9843139648438
976582309781029346,1080.7049560546875
976629443714116908,872.7816162109375
976847457616955256,1207.7557373046875
976914658177435887,1132.49658203125
977243244319689318,1255.1844482421875
977476404889176999,1347.23486328125
977503088701540516,771.6149291992188
977580612645837488,1358.7147216796875
977949411349237936,1381.934814453125
977991787168465198,848.3275146484375
978128910135021125,1299.9801025390625
978142052496464971,828.8206176757812
978154390781052996,1401.440673828125
978171891077798519,1003.168701171875
978171930797539155,1498.340087890625
978228348669873857,701.0242309570312
978270851271012681,1627.927490234375
978288746677457098,1192.121337890625
978737877928402699,1359.7537841796875
978759108297127553,1016.6433715820312
979080978348028937,1057.579345703125
979536828089301520,1449.9447021484375
979541132832052352,2023.0223388671875
979619368868618080,881.4671020507812
979670072144396566,1142.77392578125
980220192387627735,1097.0836181640625
980254386128505582,963.2561645507812
980323324955780838,1085.7586669921875
980464182114141248,1963.263916015625
980869786332317997,1318.67041015625
981598870060651947,1527.0272216796875
981601208599259163,648.00537109375
981635723007889072,1342.1259765625
981736137257540422,1188.877197265625
981801315957695035,809.1534423828125
981931626220714819,663.7868041992188
982410082349551476,1212.287109375
982617342209325050,1773.0079345703125
982639836108821169,1862.9154052734375
983078998580481378,1287.294677734375
983121901410859580,1218.165283203125
983128645570149666,915.5540161132812
983276546117942610,930.5382690429688
983459926640492331,1041.04931640625
983619857426852773,884.6409301757812
983841232104982717,1152.766357421875
983947111018495130,1943.8216552734375
984052764236211471,1211.561767578125
984122799165252302,791.6688232421875
984519249523629018,930.0990600585938
984567173156408336,1026.927490234375
984611489289033952,1128.9942626953125
984862291800738789,1452.8326416015625
985344840025857628,1614.8526611328125
985399300816771054,1607.4075927734375
985520182484786753,1006.701904296875
985559394989788406,1506.5177001953125
986862554289329750,1420.3985595703125
986886463803437943,493.5301208496094
986910098495329344,1636.32373046875
987072045122510123,1123.1572265625
987375528931823387,1640.72607421875
987377156640728665,1025.103271484375
987489888285154413,1339.8114013671875
987618910184403201,805.7598876953125
987648890116772419,943.391357421875
987732775048984686,1372.6142578125
987734318813252301,1178.2261962890625
987750528633387468,2500.378662109375
988058234535701335,905.1610107421875
988063508394785273,471.3591613769531
988234849481439303,1363.1483154296875
988235259921831217,1065.2283935546875
988240045113558735,844.2593994140625
988313900353391125,1088.774169921875
988321960728131674,2035.2681884765625
988357680814534829,1209.0728759765625
988757489689182120,835.9190063476562
988851269730007939,1056.7039794921875
988914402824930363,1110.370849609375
988916997965751684,1249.8021240234375
988939508687541686,1387.1402587890625
988962495985172530,1330.7652587890625
989131811023927574,992.2201538085938
989155614107208241,1800.2254638671875
989169459399192296,1327.20361328125
989475643116197215,1413.7994384765625
989532277760000814,747.7215576171875
989624779241307219,1385.7945556640625
989637916232820416,1221.044677734375
989680087889036148,1304.646728515625
989698199156790880,691.1162109375
989745229342379053,1019.4349365234375
989758344704938381,2100.88818359375
989893891340895310,1237.1494140625
989921329887009908,853.4591674804688
989935785641616591,2539.076904296875
990228490079821639,1151.0950927734375
990583965941847443,1024.7021484375
990590746775893250,1288.7230224609375
990653899296651776,949.393310546875
990655466405297651,919.5670166015625
990998430253671258,978.3582763671875
991067074583160494,899.2426147460938
991387228306217608,1113.264892578125
991754980833809020,1163.9149169921875
991868500017324478,1128.1884765625
991916597084515255,602.7516479492188
992471741154820228,1160.675537109375
992480673520256368,1042.0291748046875
992698337800731670,1057.7781982421875
992715830554095034,451.5739440917969
992806469871326087,1775.595703125
993124657644087075,711.4334106445312
993292887874690784,1252.0670166015625
993441921266833090,1270.1920166015625
993450990746549778,759.5978393554688
993463114663212873,1045.096923828125
993467281824367085,1243.5142822265625
993476388523988025,3108.838134765625
993508806887844165,1855.1502685546875
993913670522542280,1270.2435302734375
994009814701559862,525.6296997070312
994059402222573398,788.9271850585938
994073072579173468,977.871826171875
994085751830693838,1202.763671875
994102571129880019,1023.0595703125
994103146783156637,1337.0650634765625
994231312044366861,1009.6358642578125
994328327798079443,1050.4478759765625
994641159166864818,1122.734375
994675497793822598,1355.9840087890625
994688946686465282,820.0653686523438
994761636559045169,2041.0516357421875
994762036712111899,1779.1793212890625
995425864061422502,1518.6224365234375
995426632953898199,1476.6126708984375
995430865061557971,2418.780029296875
995434804209053549,1733.2794189453125
995435810757153071,2108.3330078125
995436268350272368,1992.9173583984375
995442635058507633,990.3341674804688
995450726979006418,1427.5439453125
995455424377097375,574.7012939453125
995473956445286659,1713.4039306640625
995483896974591289,1696.51416015625
995511644878556812,1304.52587890625
995988407456589191,978.8323974609375
996079448589308739,2160.70751953125
996121564290506745,1140.756591796875
996148436274263754,1303.0426025390625
996150841514284732,1096.0965576171875
996153410951322334,1357.92333984375
996155781273981616,1145.0548095703125
996157793165014802,1227.3184814453125
996162155161642095,1419.754150390625
996166272834870219,1269.8592529296875
996212044652107231,1186.72998046875
996316064472824147,1554.8179931640625
996418384760242096,771.4454345703125
996860509877918815,1034.5015869140625
997069349857977746,1154.5987548828125
997577276775246959,1105.7562255859375
997688378196120137,2353.1064453125
997709579559002070,976.8678588867188
997727535946751476,976.6272583007812
997734974269786190,1168.2149658203125
998196839290002466,1603.5352783203125
998375295254415102,1775.118896484375
998380134367168000,1526.621337890625
998517257061999541,931.2648315429688
998549290499547146,1445.52978515625
998626177062621697,1751.571044921875
999002566502920978,1236.1314697265625
999016673930895279,773.9689331054688
999121733810192086,1995.509033203125
999182760952148206,2019.648193359375
999369649295463486,1394.340576171875
999820115128338352,945.1658935546875
999864267908184351,1411.2166748046875
1000053849987089357,937.2872314453125
1000368687883612541,750.4122314453125
1000523423598573855,962.0255737304688
1000701720884344241,1749.1258544921875
1000773493564598185,945.3662719726562
1000806708814298519,1485.3681640625
1000871578632292859,717.658203125
1001348725747269962,821.4705810546875
1001505779971409653,949.6058349609375
1001555808240938682,1103.861572265625
1001835454615943846,1004.1354370117188
1001929805769534521,1044.204833984375
1002097341480317328,1443.4219970703125
1002139437960713782,3387.00146484375
1002233349081585226,1146.3162841796875
1002615681651234457,1083.1231689453125
1002629918264433912,1128.0145263671875
1002640162578766914,921.611328125
1002664837927882370,1766.7144775390625
1002813183942892754,1098.7196044921875
1002827467987341214,1056.3604736328125
1002873821682615773,1524.1278076171875
1002898511953772214,1882.109130859375
1003013189222506822,2609.802734375
1003384149870007209,561.5067749023438
1003412104056562209,1575.7635498046875
1003517040792359706,1152.878662109375
1003521940908324271,1312.443359375
1003556316744460023,1144.50732421875
1003614435533489333,1268.3597412109375
1003702944564084667,1164.5938720703125
1003728763394084855,1536.3372802734375
1004078017050097143,2134.8271484375
1004107876784327810,1131.8536376953125
1004115488253566199,1308.193359375
1004371600522511773,1479.296630859375
1004815570186827007,1105.4981689453125
1004845595749677333,838.4661254882812
1005227811088599326,1111.9793701171875
1005538870027270778,1263.9041748046875
1005543385894865641,2292.798828125
1005895991219894218,1559.3775634765625
1006241365153686357,1232.642333984375
1006247792371051009,779.9711303710938
1006257222785446178,2918.138916015625
1006258489841005557,1746.8199462890625
1006287139908038269,904.7432250976562
1006338448594176520,932.4498291015625
1006375325921796356,1218.93701171875
1006480250861654346,957.4778442382812
1006529125396701764,2137.6103515625
1007009687731376292,1263.01611328125
1007112185331209749,1297.7567138671875
1007188648952061708,1047.4659423828125
1007712699351252941,838.455322265625
1007742756654826253,2245.479736328125
1007782537325656178,1170.991943359375
1007885511912865044,1388.91064453125
1007921104126666984,1779.539306640625
1008003177443282080,919.1724853515625
1008405198692251100,1503.6314697265625
1008504302573373631,1425.74951171875
1008652432311344889,901.1510009765625
1008713029967701268,1263.5888671875
1009139332595904605,673.3357543945312
1009208751064035089,801.5114135742188
1009288288173429910,1793.008056640625
1009397842524307095,1510.8319091796875
1009437562061838982,1157.1175537109375
1009735857930357286,868.5918579101562
1009870481898665129,2632.25146484375
1009886776056444729,2123.867431640625
1009962852559674350,806.7583618164062
1010121788991142567,828.7224731445312
1010132093467903920,1594.2388916015625
1010187529834058795,950.4166870117188
1010493043605762633,1143.729248046875
1010621131303053761,542.7888793945312
1010764454935745589,1407.40234375
1010880366637189826,1336.865966796875
1010924040193793926,1124.186279296875
1012087008398882660,1405.4239501953125
1012748421928167368,1064.128173828125
1012783934845212189,1449.2205810546875
1012789491145081773,1731.4544677734375
1013458057306238841,1004.1771240234375
1013527977894751581,1316.9542236328125
1013590897227294815,966.5621948242188
1013716714946711626,1976.7601318359375
1014344601455984840,1268.581298828125
1014362323260913934,1023.11865234375
1014416187048880317,1172.544921875
1014451983472505884,966.5322265625
1014551110876108256,1609.326904296875
1015035822132974441,864.2257690429688
1015660746852307344,1743.0860595703125
1015696293992387149,3866.024169921875
1015819984473879568,3051.31298828125
1015868947621599795,932.9653930664062
1016669448757387440,1051.8828125
1016776697631931325,2068.111083984375
1017114993501759554,1025.8468017578125
1017146245776045523,1185.066650390625
1017285493948250560,1683.1634521484375
1017344112796797230,779.9938354492188
1017856345834711828,1032.2530517578125
1017907123125274591,1250.7298583984375
1017949726521982230,1943.5916748046875
1017960340174459199,1125.4580078125
1018634965830611914,1255.1209716796875
1018665252544045552,1472.146728515625
1018713372159336820,2530.462890625
1018773068816736942,1294.6158447265625
1018851313923878830,5507.044921875
1018871408901800316,1466.735107421875
1018903316877740918,991.4072875976562
1018949632809650844,1711.6668701171875
1019397685806305577,936.4348754882812
1019524191271760720,899.0116577148438
1019626828944350502,1136.5574951171875
1019706707566584103,1296.8585205078125
1020049477980389970,768.6464233398438
1020123005833156306,3367.005615234375
1020132472872993129,1153.670654296875
1020137591845651763,866.310546875
1020215163017812041,1182.0164794921875
1020670485833902339,842.5010986328125
1020749273642615392,621.854736328125
1020753452439148347,820.9122924804688
1020915822858223102,537.5703125
1020984902686875040,935.0635375976562
1021527669725322671,1659.118408203125
1021541174961804286,2285.60009765625
1022217711877202361,1229.316162109375
1022343563078952263,901.3605346679688
1022457104863886365,658.8546752929688
1022913545220394733,1639.973876953125
1022956122970545099,1084.526123046875
1023055617948398884,1274.9859619140625
1023111394649816277,666.4065551757812
1023239945099263729,2180.96923828125
1023729496451438749,2049.273681640625
1023766390762675888,1725.1085205078125
1023772024575526544,1431.385498046875
1023961696656359115,1374.0179443359375
1024011737992055087,2364.298583984375
1024515600083040714,1358.890380859375
1024524391239189689,660.3963623046875
1024686963394352722,1220.9705810546875
1025185478829333879,980.3455200195312
1025199430664660081,950.441650390625
1025276703154415449,1048.9989013671875
1025404440369988378,828.998291015625
1025483379473604903,765.3655395507812
1025936856253335624,615.105712890625
1026146762172779906,1394.6893310546875
1026580072021600914,1436.2691650390625
1026584050691513574,1611.995849609375
1026771937522848614,2680.177978515625
1027564589595625710,1493.3074951171875
1027673393356627107,1456.9613037109375
1028096754565222784,2226.04150390625
1028163756146163278,1710.10205078125
1028179426174547454,1730.607177734375
1028185565290353016,2274.671630859375
1028370911312483855,625.152099609375
1028765896630999176,1536.3255615234375
1028846919355195890,932.614501953125
1028982644997672740,963.2887573242188
1029049767707664502,722.4190673828125
1029441171652962706,1206.90185546875
1029478933704370254,1605.816162109375
1029518783900938270,1152.94677734375
1029536103738001518,482.4402770996094
1029538347582039407,681.0741577148438
1029666731203846844,818.9925537109375
1029802260044799359,960.4407958984375
1029830993786241318,1391.9805908203125
1030512349187965578,508.6385192871094
1031143058928792111,1517.1312255859375
1031207399689858350,1018.3290405273438
1031523092669538048,1254.8419189453125
1031717119223036731,1171.2496337890625
1031799658316504623,1455.7784423828125
1031926540003470402,549.3214111328125
1032755636148964534,1047.8154296875
1033247086817967934,1437.1055908203125
1033264496894140320,1344.2071533203125
1033376967263941526,1237.4251708984375
1033403409963674442,1371.3349609375
1033445769348784053,589.557373046875
1033718312676231384,1124.638671875
1033903959801999333,1691.64990234375
1033950648514602040,2464.004638671875
1033994427242258618,1063.4874267578125
1034018844052657525,949.8016967773438
1034122421075739827,1215.9871826171875
1034541508559765758,1262.8123779296875
1034593297636458746,1383.1361083984375
1034811426764366463,2549.035400390625
1035290155835089209,1431.3560791015625
1035435632311369048,1136.16162109375
1035545378505137925,3354.46044921875
1035558976418296237,944.32666015625
1035605263499753993,1363.57568359375
1035924008914158471,1319.0675048828125
1036014809848310370,1119.3363037109375
1036100074772898464,1849.29150390625
1036214399583232220,1355.638427734375
1036610401594471569,996.5150756835938
1037004007379917456,2317.5068359375
1037386969698643889,1146.24072265625
1037530040022676974,1127.8729248046875
1038143503816703058,1270.533935546875
1038244892855024159,1063.988525390625
1038342508473690981,795.1826782226562
1038368509432015961,1030.43603515625
1038371173546516293,866.4519653320312
1038405181348519183,955.0877685546875
1038475731558278412,2064.794677734375
1038495457544973277,1006.6452026367188
1038508337365509832,1299.03125
1038976410080033334,789.8030395507812
1039046130364426634,659.2584838867188
1039203517232047892,1155.23974609375
1039314478161773748,867.5475463867188
1039605054427565692,3189.52783203125
1039677917984761581,1326.1292724609375
1039683806754314484,1225.486572265625
1039685354421087242,946.4047241210938
1039700866225869274,1171.267578125
1039740596209222525,588.5821533203125
1039917921974136300,758.4149780273438
1040278178789780337,1186.1864013671875
1040410312644237183,926.7335815429688
1040412659461320398,2477.640380859375
1040472556598624277,1334.6898193359375
1040488289546364914,1087.2926025390625
1040599851969514143,783.9393920898438
1040663296646139008,1842.350341796875
1040724615180064687,1021.439208984375
1041138191108293135,1479.2960205078125
1041222059504457357,874.822265625
1041730772002983150,1117.4617919921875
1041843615341279640,909.9512329101562
1041979623903498413,1346.347412109375
1042571154772506568,664.06298828125
1042639201153577011,1969.29296875
1042812558168017812,749.7600708007812
1043232675995880978,1404.5623779296875
1043270023508373060,540.4801025390625
1043333918665337220,2096.655029296875
1043370175718484806,890.23681640625
1043613648195758797,522.8117065429688
1043989151065146105,1925.7244873046875
1044064582318855755,1787.045166015625
1044242679734260363,1504.929931640625
1044243280803845515,804.4468383789062
1044261669789428149,560.2156982421875
1044290348638489516,1416.817626953125
1044291298399652778,1124.0972900390625
1044294691035571191,1111.7388916015625
1044300185966634979,1960.9798583984375
1044355074586344291,818.415283203125
1044649353858658058,1238.370361328125
1044659365541155733,1058.1964111328125
1044777540317583687,1045.375732421875
1044843478389386420,2217.041748046875
1045422301951064843,2719.4501953125
1045422382288413740,3659.526611328125
1045422439157810651,3826.983642578125
1045422510603367185,3139.42236328125
1045781555838246887,1286.8763427734375
1046383211198704911,1478.1070556640625
1046918410101523322,1356.8170166015625
1046918978483281584,1171.447509765625
1047260840373206213,1039.960693359375
1047288130502560332,1816.576904296875
1047597865387895368,822.7061157226562
1047623352270759889,1340.6453857421875
1047692117674107735,1376.0020751953125
1047874673082394394,844.8932495117188
1047981314315683688,1283.4144287109375
1048378752186493353,1347.37060546875
1048438526522659869,783.81103515625
1048451677195796528,1102.2906494140625
1048507746631893248,2036.6085205078125
1048526743643615458,923.546875
1048543768286011379,1643.146728515625
1048591818526668814,779.9495239257812
1049100843772530656,1021.0643310546875
1049753547836395795,975.4281005859375
1049843389455707150,1151.4940185546875
1049859005896034655,833.95703125
1049893833147334377,1365.886962890625
1050618881351339847,1238.3892822265625
1050724105034631774,1074.3172607421875
1050864694672468492,1508.8939208984375
1051164471900085315,1629.494140625
1051462336671684491,837.3101196289062
1051901884363161310,1027.69287109375
1052005796206245517,897.1651611328125
1052097607707678668,2811.986083984375
1052727160112642068,1268.7950439453125
1052810905699162287,757.0618286132812
1052963638181073380,1634.0830078125
1053448254617887661,989.5100708007812
1053455406220709924,1008.8087158203125
1054166804305372468,817.1093139648438
1054418509695643897,681.081298828125
1054430956244635412,1151.6978759765625
1054885487278195654,1210.5047607421875
1054890134443862147,1021.609375
1055249270602447723,806.9305419921875
1055721775475789377,3557.07958984375
1055821942858798673,1027.195556640625
1056272923789898308,1539.8203125
1056334850114333100,1014.8490600585938
1056350717587613640,1071.5345458984375
1056362877259850006,798.2473754882812
1056520060792943935,1972.473876953125
1056679956110865120,1540.2891845703125
1057065064778576906,1087.8973388671875
1057143173397631326,1672.3870849609375
1057245007935672787,1239.5718994140625
1057785814315572275,971.7113647460938
1058027891352823666,579.0082397460938
1058028998997761604,1115.9652099609375
1058450300191796649,2886.2314453125
1059404013001832451,1764.9183349609375
1059534398335663514,1376.38232421875
1059536657220025755,720.5411376953125
1059838652617902723,1537.419677734375
1059905431321481973,721.6602172851562
1059964233396444467,937.79248046875
1060050392204016023,1192.2545166015625
1060056853279428501,1256.1240234375
1060106692188077207,2359.25341796875
1060143065516875036,354.83441162109375
1060201941355873346,1253.2972412109375
1060631326396884492,1269.07958984375
1060738249505320214,976.9681396484375
1060802977245176313,1078.1378173828125
1060805669749994283,3294.009765625
1060805815818942873,2746.90966796875
1060805948192466555,2738.232177734375
1060806192619876260,3201.74658203125
1060807259363770262,3336.52783203125
1060807395221982507,2077.829345703125
1060807540829378515,2624.729736328125
1060848350337116163,1121.6502685546875
1061341896937274004,971.3329467773438
1061369495709364578,1558.452880859375
1061399079892875702,2562.748046875
1061409357522665672,3299.774658203125
1061431009140832041,921.9171142578125
1061483694344710957,2695.035400390625
1061536503086118616,1167.596923828125
1061548926846461416,749.944091796875
1061613578251528804,5446.78515625
1061626133498150329,1127.8778076171875
1061833459771881208,1438.432373046875
1062113975014970321,1146.0892333984375
1062116381225154787,1246.0865478515625
1062437064666938597,1334.1766357421875
1062796270999313793,1318.148193359375
1062858501811515160,690.9205322265625
1062864289934935421,918.8096923828125
1062885051429428661,1691.43603515625
1063012665474928213,1420.6622314453125
1063014630134171471,1402.02783203125
1063027659026564700,939.4404296875
1063030117495355120,859.29931640625
1063042418205728071,2110.157470703125
1063060183858572378,1285.703369140625
1063064374728513424,1521.7705078125
1063214539996952913,636.6824340820312
1063511151225308490,1176.9100341796875
1063529178592348176,769.3106079101562
1063569815410428164,833.0418090820312
1063613230868576192,1321.8104248046875
1063627050922697819,841.3146362304688
1063774624385104269,1014.7875366210938
1063816076668627143,2185.499755859375
1063824456242955071,906.1947021484375
1063854806291899971,1664.5950927734375
1063875600387849493,1291.819580078125
1063877274053430424,1261.8365478515625
1063919366307715370,1012.384033203125
1063938760373636542,1006.5692749023438
1064253525666511167,1138.9439697265625
1064263777853440957,1812.5408935546875
1064314510672339569,939.0740966796875
1064335230010939186,2079.267333984375
1064378605072235610,1409.5570068359375
1064459089690928008,819.0355834960938
1064527945275467434,1790.545166015625
1064591799923134537,2037.1624755859375
1064993496766425672,2180.92138671875
1065041455844768770,1426.6607666015625
1065089664852501408,1073.3009033203125
1065315505459318785,1137.8878173828125
1065772623185290771,1351.251220703125
1065846964981150239,4569.7216796875
1065860867742428992,737.353759765625
1065895421108150856,833.1062622070312
1066413778604427920,1275.9007568359375
1066447451111240721,962.926513671875
1066605201778852919,938.9813232421875
1066702564366442898,956.2678833007812
1066711651429743996,1126.775390625
1066723483726077075,1520.1710205078125
1066733701182820591,854.9031372070312
1066751329500771803,733.1401977539062
1066834319357099164,787.3501586914062
1066895733068268214,1084.164794921875
1067236637294997153,1034.901123046875
1067287557386317559,834.364013671875
1067400569857921491,740.4638061523438
1067476554104215597,928.261474609375
1067920311774754323,788.16259765625
1067920797049836552,819.9511108398438
1067993582078591517,3266.07080078125
1068182967182282944,1541.489013671875
1068540991102903216,645.3780517578125
1068569467649106120,1235.919677734375
1068570377747703734,1364.100341796875
1068621708598805149,1311.15380859375
1068639947791819188,1013.0220947265625
1068777918112309853,942.5198974609375
1068826674518881082,1487.828857421875
1068950061042750906,1264.4737548828125
1068993736898647474,957.7841186523438
1069010271360676757,1085.10595703125
1069320177791629885,1202.6351318359375
1069327825873526227,1137.5185546875
1069375732667197579,1100.2386474609375
1069451587620619279,913.7446899414062
1069463419762514639,1150.6864013671875
1069477337570707930,490.802490234375
1069611628160569501,1455.3138427734375
1069686475513247816,1218.6241455078125
1070043820943544097,1123.43701171875
1070046238518040393,1243.76416015625
1070049140586264442,821.776123046875
1070049462478701519,987.5877685546875
1070052836454113108,795.318603515625
1070055258010568302,792.0809326171875
1070056626173295701,954.7317504882812
1070058331019342672,1021.5098876953125
1070074763588179383,1170.592529296875
1070807131909090710,889.529052734375
1070975111646070595,1141.5130615234375
1071051353806235018,835.5670776367188
1071135058511985893,3831.107421875
1071150781019913451,868.9423217773438
1071464930453207988,1333.5477294921875
1071544421978108164,1255.0323486328125
1071574753606624107,1550.5565185546875
1071670008975208221,495.8142395019531
1071673377865520100,1082.2799072265625
1071779365189027761,1886.6986083984375
1071799552393797574,894.4830322265625
1071826480934990760,1278.85791015625
1072248141382499476,1566.8380126953125
1072443369422649239,1057.952392578125
1072585069551582577,875.48779296875
1073108836982958734,990.718994140625
1073109979611558873,1158.639404296875
1073308337140981264,971.65380859375
1073640673024695910,1261.85400390625
1073685785671651799,1588.9404296875
1073713509937799336,2386.227294921875
1073774535413304398,1008.9454956054688
1073952240137518972,1992.3270263671875
1073955306879134032,1307.6553955078125
1073959000416194749,1830.5850830078125
1074457132498643553,1098.263916015625
1074645716531308107,1123.3978271484375
1074662486496049847,1841.1834716796875
1074678900874620415,1354.954833984375
1074794521136306611,1252.617431640625
1075241675394664622,1049.66796875
1075249816421288115,962.9927368164062
1075308403426748136,2081.68408203125
1075902035825692674,1220.0736083984375
1075910124555479404,1708.567138671875
1075999815721394737,1569.177490234375
1076020382235722168,1093.886962890625
1076142008143969022,1126.703857421875
1076170478541161347,1213.6416015625
1076226957699080844,1443.0115966796875
1076788738200173389,1793.61376953125
1077688779375462816,910.5343627929688
1078079339453103983,1400.864990234375
1078170117259793930,1126.3485107421875
1078301718237681125,1291.5970458984375
1078312777988736707,1433.0003662109375
1078738410067524905,1022.1317138671875
1078759095625879590,2851.1630859375
1078897664874015835,1729.0654296875
1079462954687892049,1273.5101318359375
1079470391831172305,1827.7994384765625
1079596781175540103,805.3179931640625
1079625554583559407,1269.6368408203125
1079641843868579294,2120.009521484375
1079709623958846729,1205.626708984375
1079728503750126150,2238.738037109375
1080230794410502028,683.3468017578125
1080425698814788108,782.9249877929688
1080449124250114967,756.3204345703125
1080529372491205528,1141.1552734375
1080901896971918414,1177.989501953125
1081009355581542545,796.7601318359375
1081026002264471178,934.7694702148438
1081134273566968387,1558.6165771484375
1081183434342878035,1649.3157958984375
1081246644394442781,812.5523681640625
1081279339490940259,1304.4075927734375
1081330357889753854,938.7576904296875
1081682121448610300,1525.746826171875
1081682319839381700,1234.9952392578125
1081745174950810619,513.1137084960938
1081748219438819607,2721.85498046875
1081801199492200159,2244.100341796875
1081802395060138805,1744.2947998046875
1081806752591182414,1555.2906494140625
1081863611715914306,1145.4893798828125
1081880351311991407,1142.38232421875
1081906149210968858,1203.4434814453125
1081908332490479897,1260.9552001953125
1081934381662588076,1525.869873046875
1081995785687527549,837.1697998046875
1082079316296685560,373.84271240234375
1082402133521827588,1367.5584716796875
1082410373119291148,806.3571166992188
1082468230502493440,888.6517944335938
1082526380933222247,2157.73583984375
1083016693939295038,782.6962280273438
1083042514994284698,978.955322265625
1083061045692931055,2404.974609375
1083208691890810890,2356.404541015625
1083237668480873270,850.68701171875
1083238249634910700,1304.100830078125
1083250378357759636,3331.08935546875
1083371822391819422,1078.8739013671875
1083844290801334315,4922.306640625
1083900781952496150,1118.7606201171875
1083934702235240565,1175.1314697265625
1084023842775515256,993.68798828125
1084040676686407953,1707.9908447265625
1084046969078836649,1071.4808349609375
1084050802573226812,1990.779296875
1084168199125307862,817.176025390625
1084227697645236099,1857.2279052734375
1084492345160443311,888.9148559570312
1084499249550456913,1293.393798828125
1084592487025655124,1583.0107421875
1084779069807697701,546.5800170898438
1084822048129371886,988.6773071289062
1085153972142882485,375.4564514160156
1085302937626330754,881.7894897460938
1085390637667114311,1223.455322265625
1085439263065920082,1136.7685546875
1085477651068699740,881.3665161132812
1085486961739794906,1024.412109375
1085501909164788813,1225.755615234375
1085725172984665297,1123.137939453125
1086041693462540564,1120.4517822265625
1086144421698547704,848.2736206054688
1086171886360787537,1138.338134765625
1086200035603748814,1143.4356689453125
1086293366845269860,1203.2655029296875
1086308571663804368,1375.8917236328125
1086388949752638329,700.98779296875
1086395302533979895,1169.541015625
1087008738452825806,1036.4345703125
1087034789010200140,1354.8818359375
1087454688471850762,1055.0927734375
1087577789779573110,1928.60595703125
1087581661305377455,931.8713989257812
1088128149852166288,1157.62451171875
1088178932497041529,2592.116455078125
1088417145477590788,2017.2899169921875
1088798898237186946,470.4545593261719
1088899219613870176,1282.156982421875
1088901847630780084,1235.55224609375
1088953246255635772,900.1638793945312
1088987891186407236,1797.9576416015625
1089016648502005847,899.2271728515625
1089060687397809815,953.9646606445312
1089087415211815144,851.4520874023438
1089108085736736731,1341.3231201171875
1089133085097046542,998.203125
1089182407499188854,1270.7965087890625
1089188257836086281,783.4799194335938
1089742102831249598,966.552490234375
1089777910235162195,1059.00732421875
1089812610670849853,1678.66015625
1089902198150730850,900.8942260742188
1089952916517125117,1249.828369140625
1089964117710888323,1224.69140625
1090331142428087854,1024.7945556640625
1090372212429716234,2937.077880859375
1090419483607054209,2866.63427734375
1090459224236961692,631.02099609375
1090530861052711522,1247.8336181640625
1090538529499395168,1173.02294921875
1090562612015955804,1127.7969970703125
1090602697162011956,1332.0626220703125
1090692959072863409,1164.2532958984375
1091125972875302334,1205.9610595703125
1091243688871570283,1178.0108642578125
1091262846357055326,937.9720458984375
1091383936845927070,1149.5382080078125
1091391383487813459,1078.19287109375
1091426453481275080,1164.626708984375
1091954625032630349,772.9471435546875
1092485242660342536,862.4638061523438
1092510711914054017,1145.000732421875
1092574075689835308,1358.4288330078125
1092623793886778053,992.17138671875
1092659837304444146,925.1238403320312
1092675275011826767,1254.8245849609375
1092679806465787036,991.3197631835938
1092798601376682502,2092.189697265625
1092876413229206201,804.009521484375
1092939144637418458,539.1718139648438
1093263839126258007,842.9915771484375
1093280046358399224,937.5010986328125
1093291102458833135,1259.5257568359375
1093300345983676698,3332.5673828125
1093333629389463769,1177.2650146484375
1098964055803408446,1184.1563720703125
1093428010056720162,1434.1920166015625
1093432955826191231,1163.566162109375
1093633101292843315,2160.234375
1093944683658050102,810.6564331054688
1094005002397797407,1005.7461547851562
1094143770543899205,945.2439575195312
1094156609971237837,1769.510986328125
1094215600784967358,884.457275390625
1094249458025793263,894.6602783203125
1094305062922050044,940.04736328125
1094329944233205164,2021.2396240234375
1094685913415883204,1778.1865234375
1094842215289889137,1264.3349609375
1094874796315389363,786.2112426757812
1094947609977494680,2043.8052978515625
1094977092579226547,1374.9276123046875
1094988627873000727,567.4439086914062
1095504138471625934,1336.4927978515625
1095530372377732835,1873.7508544921875
1095537498210181191,1118.525146484375
1095583275060685371,1052.301025390625
1095660967917371031,1160.453369140625
1095706296777158680,884.0836791992188
1095751955256498759,1225.8052978515625
1096086952894637983,1010.7660522460938
1096202701554713276,1745.7293701171875
1096326934153288698,1412.8385009765625
1096471284811139174,1703.061279296875
1096816402170152050,964.4827270507812
1096879149146941634,865.3358764648438
1096906964381597351,890.5117797851562
1096922727800207381,3009.105224609375
1096952719632269885,526.6917114257812
1097007987468938423,2759.288330078125
1097026775573785192,1366.36083984375
1097056299283932776,663.6704711914062
1097166218061740396,1296.361572265625
1097232708139911417,1678.825927734375
1097326445032806395,1331.188232421875
1097575666677353660,1906.6983642578125
1097592483662415789,2074.886474609375
1097672811110826073,801.6572265625
1097717879951711699,1014.0114135742188
1097771632520263299,862.5099487304688
1097813509550803691,3121.212158203125
1097829903377590989,505.24957275390625
1097867624280493563,1960.873291015625
1097875625718673509,1790.55029296875
1098234157029120129,1337.924072265625
1098303993868286612,1542.3858642578125
1098374821119117329,1320.6868896484375
1098377870859490847,2223.494384765625
1098457941422645311,892.9961547851562
1098704032864851053,1015.6815795898438
1099003409729297182,1256.6900634765625
1099005856748926108,1470.6793212890625
1099142814964180957,944.2058715820312
1099158738674113786,930.434814453125
1099269601132840967,785.3412475585938
1099295422186660421,742.1787719726562
1099296424915716993,955.7882690429688
1099302230086563332,977.4737548828125
1099338904036326003,1503.7347412109375
1099424416994978358,2075.432861328125
1099930406928858388,1030.1356201171875
1099937416637464928,2001.120361328125
1099944904002196091,1725.4146728515625
1100057558110323470,1142.9156494140625
1100136483485968515,1346.26318359375
1100147552919072989,1120.3470458984375
1100535147980977840,1351.0771484375
1100542497769629882,3852.6162109375
1100554349953804988,1327.8935546875
1100645837879662696,932.49609375
1100677409308034342,948.1849975585938
1100689884323741811,668.656494140625
1100815430530843698,1343.51904296875
1100869122180332957,1056.0640869140625
1101189990850023299,1345.7166748046875
1101211612473618231,657.126708984375
1101211672021611944,837.428466796875
1101365332548998226,1553.269775390625
1101876151117587118,1530.8411865234375
1102181116562842269,1074.049072265625
1102206449341787488,949.1019287109375
1102260368320152698,853.9209594726562
1102268328880918103,1338.2254638671875
1102620118079589191,2026.0223388671875
1102677385120033340,3573.2783203125
1102732850798951173,921.7098999023438
1102885073205690922,719.5076904296875
1103010380261352742,911.8958129882812
1103478825765784822,765.777099609375
1103483623449316834,1515.5654296875
1103648920827229339,1508.2662353515625
1103733971359201929,3119.2119140625
1104086661972988124,972.5753784179688
1104254833374691861,806.5111694335938
1104290424313958182,1098.013427734375
1104306151451235469,1385.73828125
1104338675044075068,1174.1307373046875
1104349726144414185,805.79638671875
1104377075326138753,1014.14306640625
1104383428867517389,1113.1156005859375
1104387082521760853,1299.427490234375
1104401151937077056,1002.6722412109375
1104408030097236868,1052.0570068359375
1104471856351493264,1223.611328125
1104774737982186289,1069.9150390625
1104817681590584363,1496.453125
1104860924438874444,1455.477783203125
1104912631557256989,1557.352783203125
1104918560020921860,1002.4779663085938
1104960845339191819,2469.7919921875
1104978522698134150,726.9097290039062
1104983656997904658,895.8555908203125
1105050564985348775,719.2345581054688
1105079792486485319,1611.76513671875
1105108848727697788,1356.65771484375
1105119566012586355,885.7362670898438
1105198812008946811,949.9286499023438
1105533957219750587,1096.380126953125
1105565914943578069,1732.29736328125
1105631839609676520,1318.9075927734375
1105656857400455093,1247.0948486328125
1105672501032693634,1227.216552734375
1105701264016713753,1375.3436279296875
1105769352205452467,1921.2261962890625
1105819916299673616,1263.7371826171875
1105965167951684082,884.0562744140625
1106216322427087855,975.4532470703125
1106386986258689698,1104.38916015625
1106616065294823140,828.1248779296875
1106639241849909246,859.9949340820312
1107090078500258900,964.3505859375
1107128943236488082,1230.669189453125
1107136880878245926,1038.4647216796875
1107193448678956764,1553.7196044921875
1107210425443286827,783.6575927734375
1107225694553838186,1290.2276611328125
1107236267301171408,977.6323852539062
1107381145254509845,970.4357299804688
1107395242336041249,1810.0140380859375
1107704039802018777,969.3889770507812
1107759159606372633,1032.806884765625
1107833085549616698,811.3053588867188
1107839047011350322,1284.89306640625
1107891686806449033,975.5919799804688
1107995205003173595,1675.60498046875
1108037590546258581,1868.5
1108120558540105352,666.3050537109375
1108402845480598531,1063.476806640625
1108464727457431651,1113.5162353515625
1108485940324265781,825.2110595703125
1108496677029933374,1352.885498046875
1108506146120298663,797.3480834960938
1108538531992631134,1152.965576171875
1108590299800344291,1230.50830078125
1108601296983372983,1776.3109130859375
1108646863183347699,3963.81103515625
1109122034913486298,1648.6053466796875
1109218742135589873,1417.45263671875
1109235665140862719,1282.171142578125
1109255184310830020,1105.3609619140625
1109376532075769717,816.4257202148438
1109392669515777071,1046.7847900390625
1109400179037536390,2025.634765625
1109461162937467841,1232.52001953125
1109482476362927314,1301.2711181640625
1109505397365117042,1701.8826904296875
1109962704271314262,820.4487915039062
1109993882560287859,1002.9924926757812
1110005730413184185,885.9032592773438
1110009383646705891,602.3611450195312
1110062055136731316,681.0845336914062
1110062538616034815,1833.2796630859375
1110111000413360278,983.8994140625
1110226030043579880,1432.100830078125
1110234145147169746,1806.619140625
1110293907861422822,934.9805297851562
1110662749051993852,1324.8763427734375
1110745141216767055,1035.1343994140625
1110774457305476010,1379.2850341796875
1110779099194408953,662.4716186523438
1110787589765580920,861.9283447265625
1110803827980515388,2065.119873046875
1110827412030157630,535.7420654296875
1110881642080255144,585.8779907226562
1110957827326202970,784.2122802734375
1110961001318658192,1084.2227783203125
1111379948126098652,1564.2041015625
1111471345570316885,1343.513916015625
1111491833288133603,1162.7972412109375
1111562088060456367,1428.7801513671875
1111600730807294137,2073.474365234375
1111627786516669246,831.5291748046875
1111714165470996137,652.6970825195312
1112155821904445713,2664.62060546875
1112298188129760842,1322.8489990234375
1112419292786767228,1460.9439697265625
1112440469925931544,524.989501953125
1112471230769247585,1314.5902099609375
1112594749788169500,906.910888671875
1112818957462240969,1205.5887451171875
1112833048593728289,962.7509765625
1112883195940310788,1167.3477783203125
1112889381612597692,1414.089599609375
1112906723442464666,798.0278930664062
1113049355275240763,867.8963623046875
1113113300943900456,1264.4659423828125
1113488046204989538,1979.5384521484375
1113518993854877032,1091.4921875
1113545351662043097,1218.085693359375
1113558142359197631,961.92138671875
1113722678442011271,854.4869384765625
1113744056350964890,1220.7427978515625
1113814031403852677,953.493896484375
1114230139032500933,943.7633666992188
1114275829776318738,982.045166015625
1114284769090009485,1819.8802490234375
1114415425564733187,1032.3624267578125
1114427120411211746,726.9125366210938
1114470057420812396,1120.9022216796875
1114517579331820544,1159.5897216796875
1114522020889360252,1685.6402587890625
1114607603552186287,741.3326416015625
1114686639052432828,1812.2330322265625
1114947422116358170,754.9310913085938
1114983305665433325,1181.1954345703125
1115079111159636939,1039.2486572265625
1115133279772945153,910.2548828125
1115135617053823634,1130.0465087890625
1115239566381383114,1362.6624755859375
1115252117519812652,1391.8770751953125
1115255328750791786,635.7083740234375
1115260783544777301,1038.7572021484375
1115329524820559315,1623.6781005859375
1115331252055874570,2592.59521484375
1115590821948708075,1726.7711181640625
1115728042769789941,1540.7052001953125
1115747687363758438,538.0867309570312
1115777400686887788,2109.3623046875
1115874185400241684,1780.82177734375
1115895672684026626,937.790283203125
1115986457457266183,938.0401000976562
1116018994611207126,958.5616455078125
1116062956769803240,1763.4083251953125
1116361684241445306,1556.0091552734375
1116445173258796985,1918.23486328125
1116552091701295277,1225.0701904296875
1116556270144268784,1410.3153076171875
1116578919628817781,1718.7291259765625
1116626278017041164,1186.4049072265625
1116629481420539000,878.1763305664062
1116741576872316027,741.6328735351562
1117110454469844935,1241.7862548828125
1117183725852021934,1345.7255859375
1117286981370793136,998.0130615234375
1117336174827885854,1497.000244140625
1117348834490423419,1080.9871826171875
1117352716485187853,1296.3851318359375
1117547510634626841,1348.7742919921875
1117552980464306359,1285.524169921875
1117797598028420945,912.009033203125
1117892291424119370,845.2139892578125
1118187730630386352,3482.341796875
1118674965088380110,1169.815673828125
1118805961030644640,941.2295532226562
1118844926982289324,1556.072265625
1118854229821440081,493.9415283203125
1119225237733071496,2086.896484375
1119279411835632755,767.2282104492188
1119494358834264116,812.5302734375
1119509581756377728,1101.9361572265625
1119559553951617915,1517.01171875
1119561867875784934,930.1683349609375
1119630017598498475,971.4461059570312
1119638844948782302,1375.4742431640625
1119645541165024789,1460.0240478515625
1119646025901916351,1005.7413330078125
1120041524959314908,1668.7117919921875
1120056574023831297,816.1654052734375
1120088872171026533,2600.38330078125
1120100359603423635,1486.9127197265625
1120139013713496478,1219.9962158203125
1120164248905805517,996.465576171875
1120171828367021128,514.4441528320312
1120178352480331151,2495.589599609375
1120178918976694620,1161.3714599609375
1120181156584768863,1231.6685791015625
1120197459872895678,1218.3414306640625
1120225498044086711,2265.396484375
1120249422552091669,894.4847412109375
1120250205961338875,2043.90673828125
1120269596906860272,1577.191162109375
1120277492984319553,657.3247680664062
1120367497541574806,1160.2867431640625
1120370321392471505,1213.490966796875
1120389087897201449,870.373779296875
1120775237999176375,2886.970947265625
1120777577076351183,1032.0677490234375
1120791254043029052,1271.770751953125
1120817629568901750,1469.0198974609375
1120824629277505208,1326.8851318359375
1120858133401005110,1628.115478515625
1120860930229802296,1176.1480712890625
1120870930213060568,1096.284423828125
1120876848959430000,973.4262084960938
1120919106266991073,3093.395263671875
1121034034705630126,859.179931640625
1121035312314828883,957.1218872070312
1121079882172750485,1458.548583984375
1121405621351355252,657.407958984375
1121468016033185635,1294.1370849609375
1121521047061604616,1000.00341796875
1121673644191374900,1633.261474609375
1121739918267782681,943.425537109375
1121783737311936412,1863.679931640625
1122150518373138575,1202.8411865234375
1122191102791941100,1196.4776611328125
1122214705504624802,1324.221435546875
1122225416410637339,2046.2725830078125
1122233577103802333,986.728759765625
1122240718695129162,1331.0078125
1122249287427007029,1279.457275390625
1122318883357834388,841.1692504882812
1122326138303331030,1988.740234375
1122329314929043256,948.88134765625
1122338365244086187,988.3654174804688
1122348303587885341,1299.1441650390625
1122410768842428867,1392.0882568359375
1122462590412576527,908.7405395507812
1122521756262053194,1056.478515625
1122958059515668974,1818.5748291015625
1122989207664810051,1344.6414794921875
1123022003280598077,1221.51611328125
1123045328224837456,1395.60400390625
1123073300558127753,1249.5623779296875
1123224031118121899,945.3761596679688
1123312994096269445,1216.441650390625
1123313299098915892,1471.287109375
1123341065403817852,881.4048461914062
1123593125515563453,1544.66015625
1123606429142194247,1097.2784423828125
1123622920497654810,1005.5776977539062
1123626371082507682,969.1525268554688
1123783807000235899,1301.2989501953125
1123871368685836008,1416.6337890625
1123945837991370243,964.2677612304688
1123956847476610294,780.9794921875
1123981605077221815,776.4695434570312
1123999027407537017,1085.246826171875
1124016252887572761,1152.5078125
1124478818099728741,438.2901916503906
1124616744597387790,908.2774047851562
1124661382621093291,1275.9537353515625
1124770840369641176,2498.721435546875
1125121050768118815,914.5712280273438
1125130681811592198,1148.0726318359375
1125187848947009939,1937.7957763671875
1125200448977838739,1185.4461669921875
1125230044581149173,1589.4591064453125
1125233394736961332,1474.171142578125
1125365315450028706,665.1112670898438
1125403730497440347,979.4171142578125
1125437959188011905,1176.4927978515625
1125499793058117454,2513.826171875
1125759652441691072,1483.0028076171875
1125839699758463448,1052.0679931640625
1125867846693734020,956.146484375
1125898548541393316,852.7757568359375
1125990435185954490,2743.56005859375
1126060000979727022,1834.8494873046875
1126119865280888531,776.1689453125
1126164667476878505,1477.7728271484375
1126439960855845837,1173.85400390625
1126537648878114045,1495.132080078125
1126569955757896083,1368.3189697265625
1126574923569446707,1224.44189453125
1126678391854831746,827.35546875
1126739439604633936,1133.658203125
1126796284361444919,1145.175048828125
1126869487373607970,906.085693359375
1126886877885230766,1063.263671875
1126890430480647972,882.8981323242188
1127242093098162366,874.1196899414062
1127350962961916535,761.0059814453125
1127459032461456214,2072.624755859375
1127473131522626971,1685.4971923828125
1127984564352995128,1121.7247314453125
1128010834342854820,2728.633056640625
1128064024979456170,1252.9031982421875
1128196941820559337,2652.15771484375
1128437894970604006,934.1659545898438
1128731876754995980,795.8260498046875
1128875814893828156,813.2296142578125
1128889906120895134,1467.2552490234375
1128962248588159177,516.3969116210938
1129082416806464411,1691.6119384765625
1129112777276061303,1214.3310546875
1129451465262510049,1136.9552001953125
1129611797559777628,818.91357421875
1129616524474722048,1354.14306640625
1129633460766944162,1147.00634765625
1129638312536113937,965.1592407226562
1129696036913765534,876.2930908203125
1129709108207222975,860.906005859375
1129710922155764326,1058.7171630859375
1129727317868166801,1483.4990234375
1130108596902089191,1196.62158203125
1130145429136389537,1035.839599609375
1130225434896524389,1057.1094970703125
1130228276603858733,1085.3509521484375
1130228516949981034,1211.9549560546875
1130274312352061165,1590.9302978515625
1130285275601624036,1754.6951904296875
1130300274162275967,3040.55859375
1130321312936980724,1252.1925048828125
1130326122498641907,1301.0140380859375
1130351186767980744,1799.7342529296875
1130423914225096450,640.1160888671875
1130450062824926392,1170.0009765625
1130450787759307948,876.3336791992188
1130475605575566485,1123.449951171875
1130500376519754480,772.0066528320312
1130520943246715761,1082.974853515625
1131013671835281438,1130.1915283203125
1131667189155155078,892.5022583007812
1131669148052612034,2153.90283203125
1131676069424041547,1307.7196044921875
1131681035771426402,2367.8359375
1131688319199839320,1199.9720458984375
1131739367428596187,2502.956298828125
1131791303976281566,1019.7468872070312
1131791389433333930,941.8596801757812
1131791410192246888,823.9265747070312
1131889879166259403,2216.10595703125
1131925883805781912,910.7682495117188
1131967022823034664,1447.802978515625
1132354775265555398,2259.48193359375
1132354990015565619,1707.8726806640625
1132400557100638390,983.4918212890625
1132447556751716298,2378.081787109375
1132489763040534415,2145.064453125
1132504321110971118,3345.190185546875
1132564599116404084,3407.681640625
1132644384448822787,1241.7833251953125
1132662591008933321,1219.1854248046875
1132802366215616186,826.0325317382812
1133225281189755522,2178.575439453125
1133239879143075324,455.3608703613281
1133453702881625952,1625.9208984375
1133786921536546101,1010.8326416015625
1133819377211873769,900.79443359375
1133824526476108472,1623.1854248046875
1133846135466362573,1235.69970703125
1133850179681471456,1084.750244140625
1133927069887595390,1228.213134765625
1134004110935923202,1072.344482421875
1134016546834232491,851.8285522460938
1134080068321795976,1233.05419921875
1134118239141281525,1355.5848388671875
1134559311831156755,1623.8818359375
1134655812425504798,760.1539916992188
1134702422660342098,465.5044250488281
1134762144907197864,1495.9405517578125
1134764355103907208,496.81732177734375
1134778448372962254,445.8291015625
1134833669194890686,1018.00830078125
1134871542252291564,1417.311279296875
1134913081572906457,893.1769409179688
1135268317262242215,818.5488891601562
1135404752417119250,1350.3687744140625
1135417478927989231,1328.2396240234375
1135443230801964484,1279.452392578125
1135556854617768217,1162.68359375
1135594176681272763,1387.97119140625
1135608646537501784,1283.2508544921875
1136001632356640195,1108.437744140625
1136036695517140126,1296.2923583984375
1136081753614366303,1100.1126708984375
1136089182247928778,935.6453247070312
1136120959887832492,2540.964599609375
1136340360871454464,1512.86328125
1136357651442268157,1126.395751953125
1136391830406936860,1815.3916015625
1136698969422652589,975.9385375976562
1136731381708818270,1639.2706298828125
1136753618988279644,2601.24169921875
1136936231104956710,1151.998046875
1136976629901286686,1531.0194091796875
1137020958991958345,1751.8836669921875
1137043481944037935,1252.5086669921875
1137073945924261716,2770.01123046875
1137632814707734324,944.511474609375
1138111680559662035,1830.3153076171875
1138115983690441605,1747.2991943359375
1138182310711342823,713.5189208984375
1138228490267441292,1558.8433837890625
1138523166912905241,1041.5980224609375
1138910964936689514,597.799072265625
1139103364953865882,1138.7216796875
1139142683114573585,949.1912231445312
1139149373527307738,1197.2921142578125
1139568307563130683,1485.287353515625
1139581196986378716,969.0419921875
1139602960276318079,1035.723876953125
1139648694140452750,1442.0396728515625
1139728995943399772,989.6824951171875
1139774571783043007,1297.9432373046875
1139806475806312300,1398.0101318359375
1139811906579720537,643.66259765625
1139855996378736545,1082.1455078125
1139938271711185125,982.6369018554688
1139979256315894677,887.6935424804688
1140379927878915647,929.8851318359375
1140391044478256194,1632.2144775390625
1140434592855118671,4245.70654296875
1140455665553044127,979.7977294921875
1140519420301624683,1086.8853759765625
1140584359001501569,1327.0953369140625
1140651159060169539,1973.4207763671875
1140690453463413836,772.9065551757812
1141037011546896395,967.4188842773438
1141066012707667047,1028.8123779296875
1141093994936559087,1086.5606689453125
1141272340911940190,812.4100341796875
1141286513334430569,1115.6690673828125
1141356070721803989,1307.8238525390625
1141433342020654069,1225.5186767578125
1141453232774290790,2042.1737060546875
1141720403165050874,921.3992919921875
1141757297675899246,2204.976318359375
1141924790889682760,1047.56298828125
1141957196284039311,1463.29931640625
1142008714290787440,1048.2431640625
1142011601462820622,1000.6995849609375
1142079538716937566,1125.396240234375
1142417675748166300,1120.396728515625
1142420133884859152,878.9996948242188
1142525276474140608,994.5520629882812
1142555484175575101,1892.052978515625
1142584877126340751,996.8204956054688
1142590512896371802,586.3367919921875
1142599798902791453,1290.7757568359375
1142601086369087917,1231.5169677734375
1142620126062403569,1403.5260009765625
1142626109831471218,1195.8126220703125
1142640821828083523,2399.32763671875
1142667760742958007,1148.0863037109375
1142667944807527895,1891.31201171875
1142676600903769448,916.3812866210938
1142825823965249770,1675.22216796875
1142831529642345304,1277.2598876953125
1142893407949491654,2444.8076171875
1143263834576353021,1010.80322265625
1143284581015584805,1440.4139404296875
1143291312328261062,965.84130859375
1143336208914541268,728.6563110351562
1143353009816077326,1240.19970703125
1143455160035470641,2311.66259765625
1143588121389515453,2221.706787109375
1143840077059371441,1183.8489990234375
1143985053237168448,1512.66259765625
1144042304757049733,1719.0941162109375
1144048365630443883,545.7560424804688
1144156153228028033,1035.189208984375
1144175078316477114,2196.936767578125
1144195551964613292,880.4254150390625
1144247356026433142,1106.451904296875
1144323763636891026,1320.8614501953125
1144618728813856832,1461.7479248046875
1144748301706310267,1352.72412109375
1144772554594514269,947.7338256835938
1144848194779236538,887.0014038085938
1144970733027733759,1009.8681640625
1144988706418905614,1969.4140625
1144995153235803176,845.7681884765625
1145017739369759454,1122.4691162109375
1145053758584769152,1003.2974853515625
1145383956490310020,940.7920532226562
1145400526147336739,1440.84912109375
1145416750460504106,1227.0982666015625
1145422139905022403,1239.897216796875
1145428441875058390,460.2711181640625
1145449480900816372,1368.7650146484375
1145488887318513598,729.7057495117188
1145516004900654958,853.503173828125
1145516900294602211,3982.40478515625
1145522593271950471,2707.505859375
1145528171677583366,1914.3348388671875
1145731483191762850,1354.3310546875
1146187794143258735,1501.178955078125
1146216007161895955,1333.116943359375
1146231572773389448,1514.4869384765625
1146253558108913618,1130.119873046875
1146254691038965506,1248.42333984375
1146297894815620811,700.0391235351562
1146348587680715171,1188.3848876953125
1146378323487981015,1377.3704833984375
1146413765719414346,942.3345947265625
1146435530191846983,1348.3746337890625
1146450491250907370,960.9131469726562
1146468640393792779,823.7192993164062
1146488778966524871,1650.6446533203125
1146758934943909583,1529.7955322265625
1146837788469295911,2821.596923828125
1146873548241396321,1191.140380859375
1146879462304395468,868.0430297851562
1146929251938151418,786.049072265625
1146972564997032812,2845.227294921875
1146995665337380347,847.3572998046875
1147016908420040627,1829.2764892578125
1147029553264172213,1037.8978271484375
1147097969181561900,755.771728515625
1147134072796727081,1130.99609375
1147159168906786331,831.2604370117188
1147162065925869980,1972.7862548828125
1147162185928850470,1920.286865234375
1147204015145833506,1185.7789306640625
1147492346497747581,964.9376831054688
1147539727477429826,1711.8873291015625
1147551867437000682,1343.1427001953125
1147588755760593526,722.3994140625
1147613021673021135,2994.189208984375
1147620160671874787,1325.829345703125
1147671054471422254,1341.5855712890625
1147725341318812545,1232.4705810546875
1147772516980211412,2233.099853515625
1147821596531435649,1054.534423828125
1147836183479961399,2514.88623046875
1147848888321287837,1369.8961181640625
1147882637534250467,1099.0830078125
1147912939134668981,1160.05859375
1147925643579188651,704.7074584960938
1148053184217623983,921.1943359375
1148389506267765235,1634.8184814453125
1148430191764905162,1199.3131103515625
1148646898275167562,1455.6895751953125
1149223814768479420,494.47119140625
1149322953304016136,1581.743896484375
1149355566724410510,1301.210205078125
1149625210373723303,1053.688720703125
1149705241277721831,1087.1920166015625
1149761816868562210,633.8844604492188
1149772815028191045,424.55889892578125
1149848257232944187,872.3817138671875
1149876185094499081,954.04296875
1149879753112570436,2247.777587890625
1149927461475896685,856.17333984375
1149936308125481536,1938.2821044921875
1149943977079167092,967.2632446289062
1149949047594802213,2578.052490234375
1149952297912011590,2157.51025390625
1149955573487700044,1596.63671875
1149990931978723205,1053.486083984375
1150008758704024241,584.3740234375
1150040789603142962,979.9950561523438
1150050542128391687,2574.986083984375
1150051827215550684,779.8732299804688
1150053892201306837,599.2169799804688
1150113728868119346,1491.0810546875
1150428485510948605,1084.491943359375
1150430129310086521,1342.29443359375
1150493211189010870,1854.8582763671875
1150493688240199907,3008.984619140625
1150559316627805097,1186.937255859375
1150603840904514310,1558.5570068359375
1150605723165136562,1457.8966064453125
1150619984751712153,2177.58203125
1150671124731692030,908.0827026367188
1150728412537946712,2317.9921875
1150728428486373631,2355.761474609375
1150728478383454881,1924.9566650390625
1150733731619851675,2313.7587890625
1150733738599130540,2523.3486328125
1150733790895218088,2474.270751953125
1150733842022531673,2369.786376953125
1150734244474502256,2867.922607421875
1150734255548208264,2726.19091796875
1150734274794969461,1664.030517578125
1150734594663875487,2818.79736328125
1150781113481406109,1675.36279296875
1151139231477024352,1293.9295654296875
1151322627268142042,1024.43896484375
1151332768345120055,2662.778076171875
1151362336389974129,1611.9228515625
1151362375270614641,2521.2958984375
1151362908573876946,1589.6873779296875
1151362929144122140,1582.2117919921875
1151362936525418943,2195.53076171875
1151364183567793662,2411.137451171875
1151364641270193294,2481.844482421875
1151365229038702958,2535.543701171875
1151365475614230759,2332.36767578125
1151365519697970243,2471.233154296875
1151365526305617840,2630.783935546875
1151365527799892120,2474.663818359375
1151365534838171326,2410.34521484375
1151365658029700324,1592.6939697265625
1151365672030599276,1857.365234375
1151365861024054478,2367.567138671875
1151366115928235547,2444.676025390625
1151366130795392804,2199.322265625
1151366142085861010,1570.7041015625
1151366240717008046,1594.019775390625
1151366942623288093,858.3505859375
1151367209516673898,2345.38818359375
1151436228747418087,1817.8409423828125
1151447994394788262,1515.495361328125
1151521035628141046,1724.5538330078125
1151521586599359974,1329.6151123046875
1151534740949444607,2226.378173828125
1151608195498936520,768.3250122070312
1151922588146797271,1249.3321533203125
1151935421141249282,1354.9781494140625
1152026661060707925,815.3899536132812
1152064627798755006,2088.068603515625
1152163832359357257,874.7349853515625
1152641197381711243,882.464111328125
1152663547070298089,1185.284912109375
1152694669548833347,768.3067016601562
1152694892193865702,753.920654296875
1152695060719912676,770.4559936523438
1152695202690032327,839.0211181640625
1152695334669698832,1482.042236328125
1152697388905481008,1842.9217529296875
1152697423411688063,1219.40771484375
1152707487910455784,1121.8306884765625
1152788312253294265,454.22528076171875
1152826465872931138,875.5375366210938
1152855967235632958,1371.265625
1152874297111214731,1901.182861328125
1152892310691925365,1013.5947265625
1152952182317148501,911.2000732421875
1153010487209627140,845.8743896484375
1153011853119967584,1428.778076171875
1153015729411300727,882.6090698242188
1153025219399980926,6197.94189453125
1153370603591676517,761.7250366210938
1153398083799522914,1378.94091796875
1153410773351495427,800.6325073242188
1153535680518279589,2276.23486328125
1153541450093240169,1499.9595947265625
1153541453714185574,1071.3668212890625
1153558115773403348,934.0892333984375
1153590659682689539,1227.2054443359375
1153665397214249591,491.3356018066406
1153690187721523357,563.8475952148438
1153736911140720552,898.310302734375
1154017013805796611,1587.7635498046875
1154026070819805883,1103.48974609375
1154029118179234263,1510.7503662109375
1154189434500568762,1308.48681640625
1154239040449862116,1015.7872314453125
1154299410045788927,594.082763671875
1154384499818437979,418.06793212890625
1154738429306652463,879.9203491210938
1154744124917218756,1094.3631591796875
1154887498704938711,1315.7525634765625
1154955708451629428,1102.4605712890625
1154957369099371349,3064.922607421875
1154966810892721209,1336.4654541015625
1154979840253111365,1374.8607177734375
1154989376198257726,1522.3929443359375
1155064185780409717,1779.11572265625
1155073602810687786,1153.3843994140625
1155095354622585352,1248.75634765625
1155107679800005886,1436.6036376953125
1155150784987022005,1018.4131469726562
1155152540366596366,1751.545166015625
1155156093552346982,1030.0352783203125
1155182775818166934,809.75439453125
1155545643697084711,638.6448974609375
1155645710597945333,1324.3302001953125
1155716629023071195,765.6137084960938
1155788842342910961,498.7917175292969
1155810761853696286,1054.68896484375
1155849375832863396,1041.424072265625
1155871233195741000,1475.254150390625
1155886334538743659,1367.7620849609375
1155889287728787778,1078.0616455078125
1155889788250237390,912.1870727539062
1156281285042984484,1135.45263671875
1156295649200846786,1604.3236083984375
1156318217922905634,2233.557861328125
1156336018097727379,2190.158935546875
1156406445948658825,1175.468505859375
1156485701514493463,2195.39453125
1156566835024504169,1542.4404296875
1156570857697312892,2525.1826171875
1156573312660757429,1233.276611328125
1156585796017552768,1095.6483154296875
1157016438920594871,1732.10888671875
1157038166833150389,1022.880859375
1157050840645318002,1332.51904296875
1157067629962879530,1603.079345703125
1157075347925180648,845.4443969726562
1157104322795675770,903.0418701171875
1157106122373601010,3655.9990234375
1157134712217990882,1315.893798828125
1157171153437957249,859.5241088867188
1157202840650652661,1030.7188720703125
1157261057192776483,1424.4866943359375
1157271405677264879,1396.3541259765625
1157275784227738203,1220.160400390625
1157315214121444974,918.4027709960938
1157357958702061692,1928.0557861328125
1157398049907278757,1505.2781982421875
1157405160738965116,1522.7772216796875
1157696581791211143,1716.6851806640625
1157697166690782915,1394.8450927734375
1157722918289606198,1428.7978515625
1157723967838337803,1652.398681640625
1157730884824276155,1541.4412841796875
1157766315041804541,1224.7540283203125
1157849545134456767,559.8269653320312
1157852244704153882,2291.063720703125
1157854050856324520,2604.8154296875
1157855225696336680,1326.45654296875
1157857094649089347,1529.912353515625
1157857254242373935,1514.768798828125
1157914759055674556,2001.272216796875
1158029334172753593,1410.6787109375
1158074583535313579,1912.5291748046875
1158095862729170145,1249.203369140625
1158379006992212718,609.561279296875
1158500462291123076,1559.2725830078125
1158521226932385275,2194.5693359375
1158540585585424144,608.3934936523438
1158551347204770397,1261.3018798828125
1158593677776167633,1809.927734375
1158595011313841323,2215.40087890625
1158595141853518951,2345.4306640625
1158631643364474485,1113.83203125
1158635321768381890,1008.6012573242188
1158689598697274592,1311.8804931640625
1158752384187242739,1036.4647216796875
1158787048061769181,1129.03564453125
1158788538597522745,2774.046875
1159155944457996473,1061.382568359375
1159189001677969692,870.1141357421875
1159227641077175091,1349.709716796875
1159271505062902987,592.7839965820312
1159293303207486191,536.0308837890625
1159306933032978892,1479.4498291015625
1159320296690893026,1251.125732421875
1159350500265261281,3326.15478515625
1159380052244421268,2423.339599609375
1159408404430582509,1309.763671875
1159836504763949790,2162.0087890625
1159866761032741944,1208.13330078125
1159951756252371018,980.419921875
1160038749709749671,995.210693359375
1160053459645349916,975.5701293945312
1160122621873868241,2126.248779296875
1160143195368740390,1173.6663818359375
1160148769494439345,1363.5386962890625
1160158942442709737,842.5751342773438
1160222076527625229,1833.326904296875
1160583587341655818,1110.1763916015625
1160600797020742847,874.701171875
1160612095453057960,1122.8741455078125
1160659438316425187,1101.9393310546875
1160686714856482767,1144.0072021484375
1160715868538821494,1000.1031494140625
1160723127494597432,853.7615356445312
1160748294235408250,1257.2479248046875
1160757715445960732,1485.936767578125
1160773839431520969,3727.10986328125
1160798423854475871,1379.3370361328125
1160819344912679206,998.9972534179688
1160821193767975993,1095.8616943359375
1160841183812936473,1144.9482421875
1160853179850653485,1180.0020751953125
1160856265209160321,854.789306640625
1160862716516373077,1378.9007568359375
1160867195343642470,1564.4041748046875
1160880305440630774,1324.633544921875
1160888388784090493,1221.45263671875
1160906019533249836,1198.220458984375
1160921294020299726,1302.9163818359375
1160938214027261862,2038.0489501953125
1160990424738018533,1019.6549072265625
1161280512926394583,1403.175048828125
1161402788876393129,836.2462768554688
1161448436880135653,561.986328125
1161503452115515921,1247.9378662109375
1161538216118386817,3139.8056640625
1161549271215845778,1264.0067138671875
1161584715873937818,4734.38427734375
1161595036898656055,888.5872802734375
1161596434814794999,1329.8212890625
1161643733291101582,1265.899169921875
1161651491083449997,1068.1475830078125
1161666449751325645,1678.779541015625
1161672091305229987,1036.3514404296875
1161675791827041172,1229.8970947265625
1161686240740504523,1474.3885498046875
1161698909245834506,1083.441162109375
1161706057173412201,1529.1949462890625
1161721850177669223,1196.8265380859375
1162146783186786841,1353.9058837890625
1162209598342175901,1230.242919921875
1162221964769284126,1069.145751953125
1162266162160401266,997.514892578125
1162269530858385920,1146.7999267578125
1162279712815319520,1108.01513671875
1162297214542648357,974.3982543945312
1162337209382760904,855.5306396484375
1162337569029603563,1280.7034912109375
1162369858725392362,1139.6263427734375
1162383048506956382,730.9576416015625
1162533790868973728,1693.7125244140625
1162730901509679266,944.7951049804688
1162802918034003512,818.8045043945312
1162804863389123483,1424.5308837890625
1162814089321930466,922.1314697265625
1162840905903362866,2329.675537109375
1162855610034647540,2677.291259765625
1162861512494481450,2843.800048828125
1162945123933302497,1094.43994140625
1162970539062866149,1131.3118896484375
1163028189351764710,996.2258911132812
1163174179097424332,1165.447998046875
1163538129216815731,1012.294677734375
1163558945589934378,1313.54931640625
1163604637132445621,1340.461181640625
1163628966790931795,1203.9547119140625
1163668563073227908,1029.3079833984375
1163675764352062552,1220.181884765625
1163822167409653251,717.172119140625
1163953030609014429,964.5540771484375
1164102505554389167,1962.94921875
1164282610746628381,1286.5963134765625
1164322056866955508,2066.7666015625
1164374707033640659,1462.9635009765625
1164378325758462805,2549.121826171875
1164473668096397927,1587.0675048828125
1164526627148604944,1285.815673828125
1164530896935478655,3055.95068359375
1164574119073790602,1041.967529296875
1164591613269790726,1393.19140625
1164894908368664663,875.3294067382812
1164900067156613747,1154.2274169921875
1164903307281383631,1384.0670166015625
1165027311084656446,1598.00244140625
1165062657142140988,941.0947875976562
1165099149094510715,2040.2767333984375
1165132427125172749,654.9608764648438
1165152325962976943,976.5014038085938
1165160095513961054,955.9566650390625
1165185323762704702,1423.888671875
1165226457990673887,1332.53369140625
1165290569653773450,910.2957763671875
1165306625906468068,1294.7498779296875
1165346160265299703,1898.8994140625
1165357283032803888,1508.5584716796875
1165626872394023238,1424.2935791015625
1165657376844390746,1172.109130859375
1165679487477273799,863.3758544921875
1165715142883467814,980.28515625
1165731178595591894,924.585205078125
1165751624901146346,1026.4810791015625
1165765300724505937,1303.1607666015625
1165787905797825714,2440.641845703125
1165799245802280149,962.762451171875
1165850165368323315,1020.01611328125
1165860685037640488,1748.99072265625
1165877882271706817,696.2379760742188
1165887762407682515,916.551025390625
1165889467023844571,875.6416015625
1165924060796049358,1198.6488037109375
1166010769261994344,610.595703125
1166037388103783018,820.4918823242188
1166055688487137809,1291.4478759765625
1166395559034160038,1547.8880615234375
1166453706006631744,2858.447021484375
1166488271030735672,771.8499755859375
1166543610837786098,1239.1312255859375
1166561461546803862,987.700927734375
1166562058001371744,1200.0762939453125
1166570209397716353,884.788330078125
1166576827881107484,1122.5023193359375
1166579076211439907,1210.0946044921875
1166613185844530189,590.2135620117188
1166697604274028458,827.1066284179688
1166719386448961151,947.4452514648438
1166724174812907809,1444.9608154296875
1166743385968378161,1047.410400390625
1166745438732247018,1050.4222412109375
1166771564080503237,2940.07177734375
1166772889828075027,1009.5447387695312
1166822900058892599,1410.0252685546875
1167010153162971818,1730.0234375
1167157785168682586,1820.677490234375
1167200096748484553,771.40087890625
1167221677082188812,999.7633056640625
1167246096578754256,2333.6865234375
1167266714046700919,797.381591796875
1167317668438755608,563.9486083984375
1167346027619029336,1663.2423095703125
1167347297036793698,782.1179809570312
1167445419015449784,1534.28173828125
1167469916339828598,932.383056640625
1167494817757965507,1372.53173828125
1167497529158921780,1106.31884765625
1167776492587133229,1292.67919921875
1167786853742014048,1023.11328125
1167839918976787915,461.74273681640625
1167906581440916497,983.8834228515625
1167928324981435380,1061.718505859375
1168155233377239543,1241.53857421875
1168171442827443684,1290.709228515625
1168583026247285584,1308.8289794921875
1168605813274710309,1413.7037353515625
1168690727552802516,1015.8657836914062
1169329889513325914,1555.802001953125
1169387877261649403,1254.9329833984375
1169398097846068943,1042.158447265625
1169429778509523660,785.5302124023438
1169476731314050333,844.335205078125
1169505241981344069,1454.5439453125
1169514050012441090,1800.3800048828125
1169525243752563993,1001.645751953125
1169581657299237930,1044.3624267578125
1169581877297008966,710.517822265625
1169661934817417283,1440.526611328125
1169696131148900411,1155.5126953125
1170035263853000361,1844.771728515625
1170105324981991969,907.6341552734375
1170139806699592359,886.6495971679688
1170278062667318376,815.4802856445312
1170314116429598927,1071.1787109375
1170316530524367425,1092.9981689453125
1170330873544365435,1455.0472412109375
1170340829369884342,825.3387451171875
1170364190133142911,1267.80908203125
1170393597456276120,1037.503662109375
1170410663986878188,740.1018676757812
1170442409139631029,1174.9603271484375
1170757877620842996,1077.795166015625
1170763077437756422,531.2003173828125
1170815753396143422,925.7979736328125
1170817094380243509,1386.541259765625
1170844542504585869,907.4890747070312
1170907631266205707,978.7726440429688
1170959135421316812,1497.6103515625
1171021088703498390,2275.519287109375
1171035770785683126,1603.9830322265625
1171037873331761020,1349.0130615234375
1171038137567377211,1280.095458984375
1171059173150675523,962.357177734375
1171079563161068371,716.7982788085938
1171085846989588746,851.3674926757812
1171094444260260514,973.9649047851562
1171143576707122558,1025.356201171875
1171414835121163092,757.8900756835938
1171438830696977878,1215.360107421875
1171486999371065402,1074.3643798828125
1171496497032440911,920.9314575195312
1171508264033691392,517.7214965820312
1171512848151677082,1512.6055908203125
1171531308517847589,2401.343994140625
1171553235767820187,1692.1995849609375
1171559601530464416,1185.29736328125
1171617754938913525,1350.6348876953125
1171617958152337310,1120.2662353515625
1171631658022728389,905.4406127929688
1171663946791651356,813.2451171875
1171700144323830880,1019.474365234375
1171704626074647274,1097.6199951171875
1171781933907387304,1507.05908203125
1171791436097224277,969.1266479492188
1171812639885523750,1202.0274658203125
1171875057909517635,1213.1627197265625
1171901402638903225,1538.31494140625
1172164400111362079,1192.146484375
1172188216131099946,1180.3316650390625
1172242897771290070,1036.2530517578125
1172246259561529038,1344.3861083984375
1172250087716712349,1509.6839599609375
1172264464852306567,1107.655517578125
1172291098625617947,1277.3336181640625
1172303693255843135,802.5540771484375
1172308427577541550,2254.358154296875
1172318462025558525,1038.8211669921875
1172339745548913937,1536.7816162109375
1172351806469528511,1021.00341796875
1172364751931325603,1121.1328125
1172380385828658098,1121.5865478515625
1172403037804852838,833.1679077148438
1172447234002826600,1003.37939453125
1172454924794584342,1072.04052734375
1172460997014544276,1371.7413330078125
1172510756351770491,1306.7950439453125
1172515832783023346,1208.56005859375
1172518223586385182,1769.1453857421875
1172532179931778977,943.4498901367188
1172538802957832403,1727.2720947265625
1172889441779628258,1007.2027587890625
1172973111221320235,1196.96826171875
1173131791003364674,1050.7572021484375
1173135887716644233,1330.5391845703125
1173150958098920161,768.927978515625
1173191748255445831,900.138916015625
1173198266170444296,435.2390441894531
1173202226772564718,1201.364501953125
1173211442786229435,1785.436279296875
1173228212916947499,1755.7779541015625
1173231443719118018,1484.823974609375
1173241031065146451,944.954345703125
1173289782041795790,1328.19580078125
1173333635202771068,1074.9322509765625
1173361631253082181,1435.1854248046875
1173596281252259602,1015.7950439453125
1173629736039501050,2573.91162109375
1173645595234081853,2193.836669921875
1173649661769285979,1741.930419921875
1173649720452444576,1294.0302734375
1173692911099002384,1528.8760986328125
1173716426654820631,1368.50830078125
1173758583972082115,1734.58984375
1173764208507739545,994.83837890625
1173872906975543833,1051.805908203125
1173989708607521175,1191.87451171875
1174301764245891473,2555.88916015625
1174382057790825690,868.0442504882812
1174413239739499847,980.2523803710938
1174472338854050917,1994.216552734375
1174529471597591149,1417.5899658203125
1174533407925690293,1048.974853515625
1174551989519011571,1597.7669677734375
1174694496261285547,856.47216796875
1174768554730807225,1369.8992919921875
1174769158953985971,648.0335083007812
1174851876855495848,1037.608642578125
1175036246468491452,1279.6820068359375
1175084593950889512,1262.5521240234375
1175109478663090587,2032.55126953125
1175162794298744976,1533.7459716796875
1175201516066977627,1243.7457275390625
1175239354683767399,973.1135864257812
1175252994076890549,1755.1171875
1175270906947143309,996.41943359375
1175287801089879150,1376.779052734375
1175291105237188958,1301.687744140625
1175345753909288666,2184.75341796875
1175359380233846026,938.4758911132812
1175376692888122513,858.9552001953125
1175389275098665944,891.159912109375
1175428506461146303,1665.244873046875
1175432646561118094,539.443115234375
1175471500194553176,854.1945190429688
1175503786121821410,980.9334106445312
1175910898464434355,1164.1309814453125
1175921899119681591,1598.8489990234375
1175944089570758005,1204.8973388671875
1175951420144598730,1167.6136474609375
1175953168416721233,970.5848999023438
1175953177795184978,2013.9051513671875
1175976872287606120,1632.638916015625
1176018546561660457,969.1798706054688
1176074491054423351,1153.4267578125
1176106880597911395,971.4520874023438
1176113044442502813,1021.9829711914062
1176154639601303119,1862.0517578125
1176178216504022495,1127.861083984375
1176214074106252844,1368.4476318359375
1176245305272081033,934.384033203125
1176331401198679931,1226.8265380859375
1176437547119363426,2042.427001953125
1176538602107724287,569.22021484375
1176570716501761916,1217.318603515625
1176571945454093681,2349.603271484375
1176654237242469326,1119.1761474609375
1176661904323961510,1129.3380126953125
1176682156472176833,1414.8631591796875
1176709980437491261,1585.0491943359375
1176751295628648408,1335.00390625
1176767554020501429,1567.240234375
1176805350887457293,2776.97412109375
1176819358658694969,3502.751708984375
1176900069755953824,2293.983642578125
1176908676021894807,1159.2030029296875
1177231560452166946,801.7555541992188
1177386147258571561,977.5227661132812
1177431939462675522,868.1279907226562
1177448021199207079,2676.5546875
1177450208878934790,1019.9119262695312
1177461565903113784,2841.493408203125
1177543979941768840,3574.911376953125
1177544740250936813,706.28271484375
1177570517317925474,1028.8447265625
1177575967013844083,1168.8624267578125
1177596232573305925,1006.3641967773438
1177627221613668538,992.1561889648438
1177631643523189603,1076.1981201171875
1177953866280540677,1636.6094970703125
1177963798266021617,1117.037841796875
1177968783477212096,1355.8487548828125
1178015845469154197,715.4161376953125
1178033511651712212,1291.770263671875
1178068595644766746,724.274169921875
1178116562991569057,1112.7337646484375
1178276538662810581,813.170166015625
1178295810483614416,486.978515625
1178326562187910773,1323.49560546875
1178336291749745057,1096.71923828125
1178390422903597271,1740.400146484375
1178394972787960252,2985.851318359375
1178862794556108063,933.91357421875
1178888544089144114,1139.763427734375
1178916212816317582,1746.015869140625
1179083273271854955,1078.0560302734375
1179411649616675493,1740.2930908203125
1179438106726996573,840.2954711914062
1179444455830109031,1524.182373046875
1179499162657190585,1816.48681640625
1179549159726633620,1129.437744140625
1179598897282416414,1492.071044921875
1179606811324656271,931.8170776367188
1179677712093055107,1071.195068359375
1179682710380754156,1679.3475341796875
1179693645373939905,1733.453125
1179756350527943987,1476.860595703125
1179757549056230525,1054.7181396484375
1179773426918577531,1034.17578125
1179816916284374156,712.2420654296875
1180252023328930715,1728.5069580078125
1180256470100842405,1109.2506103515625
1180259037806657559,1993.502197265625
1180266740581282919,964.4569702148438
1180295416211809772,1602.7979736328125
1180367670141862892,1134.8009033203125
1180372562864626813,1754.2037353515625
1180390183387525460,953.3073120117188
1180440086423620367,914.8453979492188
1180455594237362613,1041.9033203125
1180516465798905418,1528.911865234375
1180529179570775416,920.0579223632812
1180549306443612884,2122.576904296875
1180581100486355142,1049.5933837890625
1180834946474372367,1143.1436767578125
1180900270730949088,789.3235473632812
1180917930027028930,1527.632080078125
1180946366984605929,982.0048217773438
1181026281312033558,1054.6043701171875
1181132074085711438,1129.536376953125
1181139912751226354,824.8711547851562
1181180798849680716,1456.163330078125
1181192910808110689,2100.88427734375
1181196523868074426,1201.8111572265625
1181210258968218182,3807.491455078125
1181212881561457778,468.8674011230469
1181213077451642944,2533.038818359375
1181214520858112040,869.125244140625
1181223685616962320,1476.4365234375
1181224013101489824,1408.148681640625
1181252287178571264,1016.8719482421875
1181263343785908114,1207.1236572265625
1181311719276149902,983.7298583984375
1181376579089595473,597.9172973632812
1181616843572604622,1434.597900390625
1181628372400173413,2320.3896484375
1181650688459095296,1694.434326171875
1181703817665090125,773.7199096679688
1181718866571467141,1155.429443359375
1181759335687853356,1279.927490234375
1181778274537840826,2097.416259765625
1181780174716744039,981.336181640625
1181871362113357142,926.2643432617188
1181891079469160490,996.7310180664062
1181937090769095883,1324.27197265625
1181972145720084737,1216.96142578125
1182011034290872056,1742.60205078125
1182196807873600868,1060.6710205078125
1182327893729776924,2227.14306640625
1182435841960124503,1149.6719970703125
1182440056037330439,2890.446044921875
1182477360364292950,823.6763916015625
1182505812428858547,1235.23388671875
1182523596533745659,1099.2005615234375
1182535309049860334,1676.9158935546875
1182588651924901354,1431.61572265625
1182632576743751611,1197.7979736328125
1182638536712274980,473.4146423339844
1182642884154514639,1110.8707275390625
1182669541602894693,2125.126220703125
1182704647326614200,714.7779541015625
1182711947438707934,1570.7880859375
1183103380191727148,786.9044799804688
1183155320253017927,1198.7786865234375
1183176027143591419,1744.3255615234375
1183207308607770171,2269.615234375
1183304594566236566,1550.1474609375
1183305038992259081,1862.4808349609375
1183422132463992611,988.06396484375
1183478472877016336,1301.7784423828125
1183806611793109567,665.9627685546875
1183813894245298301,1278.7730712890625
1183850801031157182,1117.1578369140625
1183863869991696775,1249.8701171875
1183882292285576864,2153.882080078125
1183900190119225859,1102.4095458984375
1183993906203009352,1618.6595458984375
1183995029182009605,1198.90625
1184066803419291743,934.9939575195312
1184192748020475020,939.4076538085938
1184505345627876929,1334.30517578125
1184579368117933514,1338.765869140625
1184597345109125463,1856.8265380859375
1184613456552961251,594.62841796875
1184624922238648225,1190.0750732421875
1184655403574063315,1163.580078125
1184711082752567482,1333.752685546875
1184713250772700508,1544.3720703125
1184767743322632226,1146.9757080078125
1184797044558448148,1176.149169921875
1184837816332711238,1100.1788330078125
1184895376461386617,1745.9217529296875
1185164471540944249,850.519287109375
1185204095971560674,1496.54248046875
1185226736268392165,1051.8330078125
1185246369221968429,1640.799560546875
1185270289981862256,891.9004516601562
1185326710183891050,1465.493408203125
1185343215700436335,935.7310791015625
1185358788339025170,1487.761474609375
1185381640256798463,765.5588989257812
1185417310589336802,1778.7261962890625
1185424139780881864,1024.557861328125
1185426578050164053,1266.864990234375
1185431103922383595,1101.0345458984375
1185440302603700767,1513.1541748046875
1185480015249287960,890.882568359375
1185549932725670877,1885.6484375
1185555917740970961,943.6953735351562
1185593754006574043,990.7606201171875
1185615425966271950,1641.4776611328125
1185627531179867464,1412.75830078125
1185645335759973652,917.5180053710938
1185646098896770932,1012.480712890625
1185690541838543504,645.8155517578125
1185949327633126308,658.9194946289062
1185959458269507334,851.9440307617188
1185968525304486850,1149.865234375
1185969484016837799,1825.059814453125
1186051630383297273,739.3234252929688
1186053916939084251,1393.0577392578125
1186073462799446957,2102.422119140625
1186102734144960889,1209.24365234375
1186132583696744801,1127.5828857421875
1186165265734898427,1267.8326416015625
1186223875658751102,1324.4774169921875
1186264481374619850,1266.842041015625
1186286604966593636,1702.3455810546875
1186331491144119778,1256.564697265625
1186337427754604827,1259.1470947265625
1186687106013601717,1565.2091064453125
1186704773490504729,1924.1944580078125
1186791584890900029,1187.6143798828125
1186792560061040133,1071.575927734375
1186834569045518391,768.5634765625
1186848776199156719,902.5962524414062
1186856683397034058,1883.8717041015625
1186907078533686282,3167.021484375
1186981290960466943,933.0615844726562
1187011378482729482,1536.152587890625
1187019273804861000,904.3675537109375
1187071802202598507,1265.46923828125
1187109512277346215,952.189453125
1187350386763132158,943.246337890625
1187398265561141407,1954.0596923828125
1187411347474522455,1247.5460205078125
1187486782320727977,997.9515991210938
1187540527145319791,1186.8319091796875
1187553968422435458,831.771728515625
1187639173772192350,760.9405517578125
1187727294156619550,1274.966552734375
1187741746791874140,1150.817138671875
1187743116755120277,1182.996826171875
1187782727556429316,406.2697448730469
1187782733547444991,1243.12451171875
1187815467714065259,756.023681640625
1188018118294917143,1304.1368408203125
1188147739666434369,2197.624267578125
1188157586638573786,1017.6386108398438
1188170699971954494,1744.3538818359375
1188276934509467415,1221.76220703125
1188350754921432898,737.5555419921875
1188465673926920021,1220.492919921875
1188498073267778214,888.0606079101562
1188533189627212620,1334.6923828125
1188560709433996955,1713.9075927734375
1188993422993821028,1493.036865234375
1188999338719131138,1986.24658203125
1189038460120062324,894.1227416992188
1189086099059352914,1181.989501953125
1189105281805860726,1225.519287109375
1189116201603723600,992.7289428710938
1189137278385002682,901.14111328125
1189142104768420932,1107.2977294921875
1189194587008651661,822.9398193359375
1189209427465271725,1007.0950317382812
1189235772724674895,2711.622314453125
1189608693193230128,657.9959716796875
1189632240530041782,532.22021484375
1189663239148119218,946.0908203125
1189671329580449129,1288.48388671875
1189684457056512929,851.4240112304688
1189699131661807505,981.6819458007812
1189704110286030335,1455.310302734375
1189789322075971211,1700.760009765625
1189801433429440546,1280.7811279296875
1189811259527687129,1502.34130859375
1189918756006748514,1341.506103515625
1189975459749063091,963.7095947265625
1190370025028113400,746.2349853515625
1190373865120429243,1680.0455322265625
1190377972580488603,1066.09814453125
1190391319818398753,678.0292358398438
1190410355323169828,744.4452514648438
1190448854822569622,1045.8658447265625
1190495713977668053,1310.0230712890625
1190500338267008302,1639.6500244140625
1190543966844710234,1021.59033203125
1190555401707959303,2601.322509765625
1190568371927326390,1843.798583984375
1190614932737244251,1809.1490478515625
1190645355533292406,1313.23095703125
1190679857946630123,2430.401611328125
1190688594854944664,895.4618530273438
1190744801607158147,2691.015625
1191066137684710943,1035.635009765625
1191105684839934537,835.1997680664062
1191110452802543705,939.8602294921875
1191114716336575417,3237.238037109375
1191135653101297690,582.3240966796875
1191142549703999954,871.9462280273438
1191152035916241479,1560.156005859375
1191187816308511551,1012.40869140625
1191189474472549450,961.2489624023438
1191213335627939385,1645.2271728515625
1191347617156401270,1054.8485107421875
1191400343658981287,835.82958984375
1191422066452007503,3747.79541015625
1191424488005650031,1198.096923828125
1191505583033656903,1219.4234619140625
1191771504193137813,1254.1510009765625
1191810003436547779,850.7020263671875
1191811351147902868,1394.3839111328125
1191842972643143034,804.1753540039062
1191897577814901961,926.9871215820312
1191912667913584631,1528.8001708984375
1191962473887699674,1093.962646484375
1192003280147200083,670.9063720703125
1192017405044068984,849.6248779296875
1192033577668589654,1424.16650390625
1192075020766548686,2136.644775390625
1192104850684563752,1322.2652587890625
1192139188268345960,1597.8134765625
1192206456130808317,1375.19140625
1192284744238561517,2674.9296875
1192547435547141065,792.7210693359375
1192561049767674816,781.7546997070312
1192606259797283304,898.5015258789062
1192614825303063554,981.19287109375
1192676801604205780,1651.6822509765625
1192740162744686066,974.8937377929688
1192775867329855776,871.8096923828125
1192799948966783173,2239.31689453125
1193215927181928533,787.6137084960938
1193226674689251341,564.4415283203125
1193256269148432322,1100.490234375
1193298920534781626,978.6207885742188
1193344473846992712,925.7701416015625
1193412728978252957,1121.7991943359375
1193423889663126451,668.3889770507812
1193530041509497356,1412.6632080078125
1193558971111274147,1823.2357177734375
1194017274540667576,771.2462158203125
1194055310249650894,2809.74951171875
1194080539938373617,1136.0699462890625
1194083688014579770,861.9283447265625
1194085685796434910,1064.7130126953125
1194120476108412119,1071.316162109375
1194174651133579720,931.87939453125
1194240009137230089,929.7843627929688
1194270611547822781,948.8306274414062
1194298854616685278,1991.5174560546875
1194305908074446214,875.4902954101562
1194327399392233876,1220.80810546875
1194740181549435829,1046.037109375
1194927249816271991,970.398193359375
1194934653838241725,1307.61669921875
1194964385213898293,1415.4945068359375
1195330495817835412,962.8860473632812
1195389215704302765,868.4595947265625
1195408704189835727,1022.3864135742188
1195419763210147284,1334.9000244140625
1195429933972859744,1000.4564819335938
1195441514233156846,1507.45458984375
1195531169008110517,1353.0462646484375
1195541474107803301,1401.9710693359375
1195547190528789039,872.989990234375
1195554463354453706,1352.4375
1195638546838709491,912.4762573242188
1195673667332665107,799.2110595703125
1195712641470105899,1354.0408935546875
1195736190844715631,2194.731689453125
1196133183267596598,1605.2279052734375
1196138184746432435,1218.3856201171875
1196144611432668438,750.106689453125
1196246446645098415,1723.887451171875
1196255029964566189,1804.2615966796875
1196275107998718464,1413.79541015625
1196288983530527336,2609.13818359375
1196316786172386822,1134.090576171875
1196343339771390006,963.6415405273438
1196413875467145367,918.1138916015625
1196422401325500815,982.62841796875
1196442969355736613,1039.365234375
1196514333602197978,1205.652099609375
1196514715709314566,1020.6935424804688
1196527935765643256,1411.1634521484375
1196712979950525113,1917.0062255859375
1196821987344221961,1491.2127685546875
1196833932185272104,950.6585083007812
1196874025216478687,1088.5528564453125
1196898950068564442,1073.32958984375
1196934327750533229,951.7722778320312
1196947222093473924,1076.559814453125
1197013723220257282,611.1514892578125
1197016246224208946,2729.947998046875
1197083895020087710,1846.5654296875
1197134827287661878,923.028564453125
1197139846417357647,1356.0389404296875
1197157820034645107,991.1338500976562
1197168428116885028,1007.1085205078125
1197176323699102606,2402.7041015625
1197178522054101508,1680.6693115234375
1197186132095803451,1338.0946044921875
1197189261295577138,1670.5736083984375
1197200191883234625,1190.771484375
1197585780299773698,1378.1724853515625
1197593235193766388,1017.494384765625
1197634748089924174,1172.86669921875
1197636025559218139,1172.8421630859375
1197668701811039093,954.4642944335938
1197677761418415510,1315.2528076171875
1197683564972769849,1879.8135986328125
1197778375811324534,1165.316162109375
1197818712354901416,1053.02001953125
1197827041783777451,1138.251220703125
1197890402549057355,1007.9534301757812
1197893398313670619,974.90771484375
1197908262613549696,1118.174560546875
1197918379683086511,1701.355712890625
1197923010372291711,1287.0465087890625
1197928749598113000,1077.11181640625
1198279025917401398,1291.894775390625
1198309334573105072,623.8916015625
1198330247389607093,1801.7669677734375
1198358581597682955,1428.220458984375
1198396062910983012,1013.1246337890625
1198398250649147991,1846.9583740234375
1198468487928124647,736.901123046875
1198503395083874707,876.9421997070312
1198588894438946154,1395.6885986328125
1198600538630690252,1063.2474365234375
1198639821000853452,1125.3780517578125
1198672183390487723,550.861083984375
1198977486641162625,986.596435546875
1199011175937390152,1115.5029296875
1199035458637972737,851.3447265625
1199127268855542497,3513.6953125
1199158609411569103,848.975341796875
1199240222617544678,1950.6357421875
1199246321378832083,1769.603759765625
1199316419884810331,674.3568115234375
1199407384754766110,701.9176025390625
1199489956518140913,1740.9217529296875
1199709964322448049,1237.802001953125
1199756898583310795,940.9955444335938
1199814959826924246,772.5025634765625
1199841112122131591,985.9439697265625
1199884937807619488,1039.443115234375
1199954207976925485,1345.7718505859375
1199965712550242892,3264.47265625
1199980960691400686,2000.337646484375
1200072858788531952,1295.1224365234375
1200111039005018891,1240.677978515625
1200160545226795639,853.5422973632812
1200417161975728187,857.4405517578125
1200526656146681718,2080.5908203125
1200565816029567704,714.3418579101562
1200566019209404507,1596.39990234375
1200577647629144221,1661.1700439453125
1200582332529538843,1506.0921630859375
1200604505275714783,563.4822387695312
1200637649499011626,1117.7796630859375
1200652330289315628,915.1328125
1200675002792923400,1307.132568359375
1200700821147433395,1042.2142333984375
1200715167839992954,828.1620483398438
1200752390748606620,1177.7545166015625
1200907351362879326,2389.861328125
1201127641617534893,845.970458984375
1201207777594498530,1404.996826171875
1201208153311519675,1325.7161865234375
1201310766354720927,976.4403686523438
1201317446351080339,804.5924072265625
1201360562609974588,1364.4876708984375
1201419728317121987,1253.070556640625
1201433467202674963,1101.4412841796875
1201476298699190225,1950.276611328125
1201593542493339569,822.0728149414062
1201928093498679321,820.75830078125
1201962725542276450,1432.7193603515625
1201969380587024235,1502.882568359375
1201984113780190655,1033.008056640625
1202034928656176161,879.2926025390625
1202063491327747543,4220.20361328125
1202063503660242843,1099.649658203125
1202073990509130797,1044.4974365234375
1202093677952853380,1234.5863037109375
1202116260940057349,1356.7891845703125
1202160016581581171,1039.1068115234375
1202244764062380707,808.4344482421875
1202326901296892978,888.7340698242188
1202334847226806887,1079.5579833984375
1202591453895923184,1142.42822265625
1202633855477611372,1048.4893798828125
1202670929372068056,1441.76513671875
1202709566757303445,2427.955322265625
1202717011752872222,1951.1151123046875
1202726084049835524,1147.611328125
1202782548210396185,985.40576171875
1202822075453987481,824.9199829101562
1202851448132889753,1073.6600341796875
1202979711847106746,1394.3353271484375
1203027691585468825,738.9464721679688
1203331396485725196,986.0079956054688
1203346329040044308,746.536865234375
1203379568482297968,1014.42138671875
1203385323986141306,992.5029296875
1203436711713601122,830.81884765625
1203529789795560806,2049.8779296875
1203575497603484055,1478.9141845703125
1203672436015747369,967.4978637695312
1203683437957433478,491.834716796875
1203745502977064319,844.0353393554688
1204022062101775344,844.376708984375
1204082756338057946,514.68017578125
1204195134180922060,749.0526733398438
1204209897048556323,1047.4473876953125
1204215371191209470,907.7360229492188
1204272330051255664,2025.5748291015625
1204321248269142965,1077.389892578125
1204490453609382485,974.2489624023438
1204790410881367674,1362.183349609375
1204843250702202892,1057.460693359375
1204998437124716183,730.7290649414062
1205131414652886153,1403.32568359375
1205511086706560647,511.22589111328125
1205572913298644307,1089.8087158203125
1205629356000115170,618.094482421875
1205630227435302118,1181.8179931640625
1205704623648821041,1278.0738525390625
1205759266214904627,1026.75634765625
1205775135115032693,4711.40380859375
1205866347880784592,996.25537109375
1205894459710944998,1589.462890625
1206195299413623281,2355.845947265625
1206204259579385282,1989.80126953125
1206261373043939132,2544.752685546875
1206420807323979693,1718.0601806640625
1206438849145921956,1228.180908203125
1206467312870861640,956.3939208984375
1206490337963517548,1016.0064086914062
1206508651750901676,552.2503662109375
1206515189344256618,544.390625
1206554363867698801,1117.593994140625
1206572253942302580,1211.1334228515625
1206603625517947643,834.2313842773438
1206610959315684798,1197.892822265625
1206953518878804248,1206.4520263671875
1207054160143907668,1346.8055419921875
1207106004223362332,1214.967529296875
1207122134555847320,1181.3905029296875
1207159976647210087,1237.53271484375
1207168738338723962,1189.8858642578125
1207210148939719904,1007.2171630859375
1207712262553324940,923.7197265625
1207747219529016018,1020.8489379882812
1207753771045412924,1900.9598388671875
1207884039693937274,2089.175537109375
1207890820083487459,1042.25146484375
1207898584377527086,1149.9815673828125
1207948265704946995,1730.30078125
1207969694950995947,1072.68994140625
1208051513621944230,603.4360961914062
1208067098075940327,915.8980712890625
1208086419998466418,691.5123901367188
1208090665829757933,662.5548706054688
1208457986974895995,810.6115112304688
1208526994282344474,1508.1387939453125
1208562950774405733,1447.7476806640625
1208571207788070502,2287.192626953125
1208607067961747845,1261.348876953125
1208657404720160756,1600.4786376953125
1208788799260399950,1148.09130859375
1209129671444626399,673.2723999023438
1209352114543368446,1677.4432373046875
1209412788741074624,1090.8521728515625
1209868919941987746,778.4127197265625
1209876055930180387,1092.155029296875
1209914157680543865,1861.4193115234375
1209921835993910515,1256.3194580078125
1209937599237147375,985.0939331054688
1210115413470251775,1209.71240234375
1210125777717175769,2289.887939453125
1210217333370720311,853.7094116210938
1210279695683303852,1104.216796875
1210563540012454591,849.24365234375
1210635837232919761,689.9393920898438
1210655507751987228,1024.7109375
1210708469565446382,905.817138671875
1210710185269139249,2574.752685546875
1210808097482989549,1324.5703125
1210810633165027236,1415.1561279296875
1210958410342466990,882.2438354492188
1210969029187249137,855.5016479492188
1210974484887732205,1134.74072265625
1210980076365806098,760.3794555664062
1211317486373515139,1177.1903076171875
1211353231615611696,1036.5987548828125
1211380123455989890,1110.2882080078125
1211399084421235432,751.4574584960938
1211417207247148153,1657.0718994140625
1211477917537175358,1118.0592041015625
1211493216872701436,1433.70556640625
1211615848050908331,1399.14404296875
1211641349720446109,820.7833251953125
1211661496659716879,931.3497314453125
1212132616480472563,1576.1064453125
1212221859921055043,1796.8162841796875
1212236373224198520,1018.9660034179688
1212287203752118006,781.2073364257812
1212303980638229248,2436.067138671875
1212371438934155991,1108.7906494140625
1212835296319423373,940.2290649414062
1212855592812716572,1113.3377685546875
1212877654449510167,1461.066650390625
1212890486895919347,4956.05859375
1212921056405073003,533.7178344726562
1212967054837199826,711.8623046875
1212975710440654497,977.6907348632812
1212989807926405521,975.7349853515625
1213019776806759286,1120.61865234375
1213081583040179147,1334.638916015625
1213095060529221091,971.143310546875
1213107116511551986,642.807373046875
1213451406702021870,1048.836669921875
1213455555342542687,632.1708984375
1213482823424437408,965.53662109375
1213548012502434457,919.9569091796875
1213575658767632467,1611.6121826171875
1213585836211323389,1021.9288330078125
1213602570438032756,881.7069702148438
1213684840039657387,832.8966674804688
1213754687807755335,1168.2216796875
1213783380393565675,1219.160400390625
1213880787166733799,1047.493408203125
1214220049867851553,1155.6368408203125
1214239026462038917,811.574951171875
1214283781690137507,1048.756103515625
1214335202467286702,1213.382080078125
1214475776309696145,594.8965454101562
1214478620767615084,1741.2606201171875
1214515424450636706,911.2300415039062
1214525356006165921,1982.02001953125
1214564810380904029,1922.7216796875
1215197359805409454,1215.4940185546875
1215226648268581415,856.7596435546875
1215234105288420175,1150.053955078125
1215614210139987632,713.3554077148438
1215624697122026390,966.1917724609375
1215789082146726187,775.7588500976562
1215870694669520995,882.2724609375
1215899955712623042,953.1649169921875
1215937311950211626,1198.984130859375
1215944909857438395,1020.8728637695312
1215962479615390028,925.9358520507812
1215985833906607207,855.4134521484375
1216001752864547891,1132.2371826171875
1216002003639838339,1667.813232421875
1216042205881774671,892.1342163085938
1216398519019956478,1464.841796875
1216452569284563040,921.87353515625
1216537599330347400,1555.1058349609375
1216542092502308036,2468.47509765625
1216549781209794665,894.9028930664062
1216601160297135590,1370.1719970703125
1216687646431472532,1139.0174560546875
1216722990217849787,1013.156982421875
1216723466355328291,695.0082397460938
1216731004659846814,1028.8427734375
1216756234354699618,829.3335571289062
1216767982896345285,978.836181640625
1216773399992477729,865.923095703125
1217388323339022683,609.4375610351562
1217422278004523595,927.3057250976562
1217460990304686359,1189.586669921875
1217481227924314272,842.0624389648438
1217554480624587158,873.4939575195312
1217769503438745802,589.233642578125
1217853698393130186,1010.462646484375
1217871336971977599,1303.538330078125
1217881659487343245,1040.9683837890625
1217920282023472826,1203.361328125
1218024941490707631,2119.220947265625
1218094699573313041,1236.0977783203125
1218103972362514881,822.972412109375
1218165461985309628,1338.36474609375
1218612479547226105,1335.4244384765625
1218614683783657146,1257.4903564453125
1218621567090933698,935.3493041992188
1218678098616791132,1174.2960205078125
1218690467486764097,1162.66357421875
1218770159233064394,936.7415771484375
1218905494453437307,1040.9132080078125
1218913563628465648,1147.2510986328125
1218942727834942039,785.2527465820312
1218948043212598537,689.2833862304688
1219326488733276223,827.8090209960938
1219403545088919518,927.9974365234375
1219476056719806415,658.8943481445312
1219480763862810208,2204.69970703125
1219580025055638257,1844.02294921875
1219671259521018497,1559.3372802734375
1220014540574627861,970.4834594726562
1220071466716983209,1164.445556640625
1220201135646339857,973.2510986328125
1220272551755582352,1017.1622314453125
1220385716870601130,1085.60693359375
1220813500268516309,914.2294311523438
1220823566417059107,926.9317626953125
1220942077353431088,1789.3265380859375
1220958426832307497,827.6224975585938
1221041447180361018,1496.828857421875
1221046339821806580,1050.5166015625
1221486969130069597,1521.2877197265625
1221534210139835601,994.2449951171875
1221633308959651331,755.49072265625
1221651247985428941,2473.936767578125
1221670661248855264,995.5442504882812
1221682426205113267,2184.958740234375
1221685885607684562,729.9577026367188
1221712388043226614,936.7406616210938
1221846107092202559,1155.855224609375
1222184838388515990,696.4171752929688
1222274389202098465,1249.1998291015625
1222279859287933970,1061.1556396484375
1222380431729362689,830.5479736328125
1222467026543662603,1582.06005859375
1222500284591152081,1486.485595703125
1222512662175291484,766.2017211914062
1222548674376542804,1009.9862670898438
1222900529712403835,710.3003540039062
1222986032675143802,1773.316650390625
1223023514518053369,795.0604248046875
1223149127012321321,463.2429504394531
1223227440441672184,1369.923583984375
1223718501391231159,1269.1444091796875
1223729975031309160,2106.36474609375
1223867627275217420,1191.603759765625
1223877731909053645,2303.471435546875
1223910198129447719,910.1262817382812
1224020327839001073,1112.3604736328125
1224447434184095635,1368.9178466796875
1224529643497385489,1182.8189697265625
1224538351531054631,897.0632934570312
1224585359222360054,3086.09716796875
1224726521366143491,886.8328857421875
1225071909927823468,836.9528198242188
1225107132298023425,1294.930908203125
1225344354169588156,2137.40234375
1225827401951484231,1037.521484375
1225889512606333369,1236.4813232421875
1225899768911747806,1333.5814208984375
1225908516208598941,1331.725830078125
1225925813653466259,1129.4937744140625
1226010203770672214,1586.43603515625
1226060140686012298,856.6614990234375
1226074213738288520,986.2268676757812
1226084323265588840,738.1829833984375
1226153896420926594,857.3963012695312
1226230117503855881,1148.470458984375
1226493572342480949,1081.025390625
1226624902632236721,1239.9285888671875
1226698560053285385,1045.599853515625
1226745125759663815,1139.19189453125
1226792612236815113,1022.5079345703125
1226795441759074553,875.8418579101562
1226845519033964978,1382.6478271484375
1227273290978013139,1219.2266845703125
1227311484454267650,1137.3883056640625
1227318042083930939,1093.961669921875
1227433997038446617,1303.5875244140625
1227561619282850728,1231.75439453125
1227570016731856172,808.877685546875
1227581449323764214,1584.657470703125
1227634373144631110,994.147705078125
1227993006941347683,1119.8477783203125
1227994792142656073,441.29290771484375
1228250721551397294,952.2667236328125
1228260978545913391,881.3652954101562
1228273527583409440,1176.613525390625
1228331364143707590,680.9899291992188
1228372374837850566,1596.0625
1228813666456792228,1516.87060546875
1229116863418114059,1199.2724609375
1229388690600424594,759.258056640625
1229504271331235744,875.2838745117188
1229572517594142021,1174.220458984375
1229608898928403036,911.0164794921875
1229621954079207035,1354.556640625
1229831495933642608,1002.2841796875
1230198871330843270,524.6918334960938
1230276502182659772,1208.7855224609375
1230393373235634896,1471.1846923828125
1230396256986141787,1148.41455078125
1230586654377064724,1140.2122802734375
1230884408743187217,871.055908203125
1231048989995466578,1195.468505859375
1231071172880572325,1356.3489990234375
1231083844769343822,941.509521484375
1231113636944853247,1008.0814208984375
1231133487243505739,2176.1396484375
1231162115008740433,694.4903564453125
1231225232999872368,1616.0111083984375
1231262403875224668,812.3595581054688
1231517545220852671,523.5895385742188
1231559687445971041,1484.3033447265625
1231662907462971282,486.1508483886719
1231718707741563928,1441.611083984375
1231985920950135943,1243.015869140625
1232293995368949857,1309.7205810546875
1232378331056786805,2578.964111328125
1232438303641111827,2957.451171875
1232461962781978265,1625.9456787109375
1232488490245477573,576.54541015625
1232578972394295862,831.1993408203125
1232591606782571097,1405.5936279296875
1232597839521531492,2027.295654296875
1233060999754757687,683.960205078125
1233064332567691231,718.0859985351562
1233065105178783050,1155.5457763671875
1233065248456017575,988.9732055664062
1233065379996158961,777.329345703125
1233296576683186324,1520.4749755859375
1233332093691424102,1081.2545166015625
1233445805979824045,1025.6121826171875
1233779744716967046,1276.5792236328125
1233781663158025110,613.2388916015625
1233844986089646092,1000.32373046875
1233878297888905039,1311.463623046875
1233896444912420636,1084.4173583984375
1233944663967384425,1006.7826538085938
1233947912489520344,1414.77197265625
1234517612149330852,881.2050170898438
1234598095185838782,2034.502197265625
1234777162320829405,2320.261474609375
1234840736587272605,660.1053466796875
1234880412475260193,608.5762939453125
1234912049333023465,1105.2686767578125
1235217522091834620,765.9658203125
1235446931362310834,1505.9822998046875
1235509915163122551,1310.988037109375
1235514336304155728,1859.66259765625
1235650931901197216,910.359619140625
1235704453216696953,856.1431274414062
1235966421825164195,1426.336669921875
1236053337385254539,846.6920776367188
1236065750550463236,1291.7979736328125
1236118081844455581,1777.7674560546875
1236122812646744492,1563.6243896484375
1236149750287213151,1093.2757568359375
1236154381051492168,914.2093505859375
1236217232568046968,1437.3668212890625
1236891711663405282,1210.3348388671875
1237004203665753764,632.1482543945312
1237020320794519050,1697.4549560546875
1237033594341630458,1879.1007080078125
1237058431341491844,897.018310546875
1237438549552341460,1055.660888671875
1237471807180589452,1521.762451171875
1237501746113894555,1011.7000122070312
1237523052598242971,1480.3629150390625
1237526177217939951,693.8843994140625
1237633099095648366,912.185791015625
1237713312757281575,1222.914794921875
1237790286157980439,1173.62939453125
1238156444302846230,1304.420654296875
1238157814918906515,1931.7608642578125
1238249014249164410,2506.864990234375
1238255552665120877,362.1981201171875
1238262978213679080,264.7315673828125
1238270709358132957,1573.6138916015625
1238273851919033334,1199.655517578125
1238278528262433992,1054.94921875
1238287476173089730,1408.6304931640625
1238291447668693206,696.5529174804688
1238298303116139466,301.6581726074219
1238304525709453459,1743.3746337890625
1238308968105997429,251.72836303710938
1238313761677751114,341.09295654296875
1238834607886395300,1539.417724609375
1239033351832647452,1186.6370849609375
1239153934613034804,1185.2696533203125
1239168031472822512,1035.0147705078125
1239570198200728577,969.4135131835938
1239763877289982831,996.8513793945312
1239768558398312056,886.2611083984375
1239804565144724517,714.6885375976562
1239842297244629484,755.4593505859375
1239866523191073880,830.8359375
1240027951202897647,1037.3194580078125
1240251631467916331,1141.8372802734375
1240323895529980021,1106.91357421875
1240366139701569935,1100.1573486328125
1240407993691734115,1002.393310546875
1241088582568871361,1368.6878662109375
1241097452602638700,990.3350830078125
1241131636031503012,1772.6407470703125
1241204325386710614,3856.190185546875
1241248489724975270,628.3673095703125
1241259264802397891,1012.884765625
1241325261033607181,1442.2069091796875
1241361115928648040,834.2963256835938
1241396865571065857,631.5929565429688
1241403825012421473,1336.72119140625
1241418114790386544,1176.4427490234375
1241420557103508045,1069.9461669921875
1241423313476189211,2462.782470703125
1241426393855432891,569.556396484375
1241766045740182910,840.8010864257812
1241839237877057706,2172.7412109375
1241853119645547870,1132.3798828125
1241893805334918659,5452.1025390625
1242041771653396277,1435.5428466796875
1242529925374166763,1508.61962890625
1242560997046965118,322.3610534667969
1242621825820115028,860.7933959960938
1242628011191058013,1623.4371337890625
1242659552240558199,3268.91357421875
1242740027720057881,1653.1375732421875
1242783580829482682,560.627685546875
1242793185322749670,977.5875854492188
1242832936664894147,1184.834716796875
1243150426211510395,1203.4578857421875
1243383190846531649,916.5274047851562
1243402175703222078,937.3789672851562
1243466607597867644,1095.646240234375
1243474207855293470,1110.551025390625
1243534890070069897,1267.931884765625
1243933518617681289,2048.9677734375
1243991899902843102,1062.9581298828125
1244010750385919895,1415.5849609375
1244041792234310830,700.7665405273438
1244079375754192463,1611.122314453125
1244147958257977309,1311.8660888671875
1244183379684661105,1196.6666259765625
1244235199110148676,753.4938354492188
1244237025917322881,1573.408203125
1244239596076906560,823.0337524414062
1244307968680361899,1291.556396484375
1244343915231966105,1466.7652587890625
1245485243483111639,941.8507080078125
1245555400402092754,1236.7615966796875
1245633064489904778,2029.4691162109375
1245666420744485490,976.3695068359375
1245703788922045120,918.1024780273438
1246124720260033237,555.386962890625
1246180795299654196,1387.3236083984375
1246204883607913101,1380.276611328125
1246288436230870420,910.0607299804688
1246328358778324295,873.840576171875
1246367671570687533,1022.5172119140625
1246383428149414935,975.88916015625
1246416604652031919,863.92626953125
1246432099621868818,708.5023193359375
1246925905011129873,840.4141845703125
1246946417828931529,1097.884521484375
1246974818249742796,2079.771240234375
1247003718221756688,998.194580078125
1247044952219185475,1271.4794921875
1247154112850203524,826.185546875
1247623633109144464,1136.3367919921875
1247645054403941478,940.3264770507812
1247659394040307867,840.9560546875
1247759027236837685,1418.2901611328125
1247759680212383231,2133.5810546875
1247782074270861504,2065.828369140625
1247783037284078433,2312.994140625
1247783726570306767,1737.082763671875
1247784572829772721,1621.6983642578125
1247800294407111881,939.357421875
1247905887309290513,932.3594970703125
1247916415735541129,551.9004516601562
1247979018375118096,1669.9208984375
1248301689494536689,966.871337890625
1248325959283303018,1152.662353515625
1248444126252427440,1146.548828125
1248525793437089144,1136.9351806640625
1248576839099521216,1753.7803955078125
1249028368475552277,1621.260498046875
1249095039204184211,1310.1319580078125
1249143388685138539,1619.6143798828125
1249159050824201715,773.539306640625
1249159316129508681,1129.666259765625
1249228823570916975,494.74530029296875
1249272926438220844,1252.3675537109375
1249340139992910375,917.3406372070312
1249731122603078156,988.5621337890625
1249779867848171716,446.05499267578125
1249788702982990509,735.9271240234375
1249821609627360295,421.65228271484375
1249881558135136900,926.3213500976562
1249897623160312565,585.5537109375
1250006506779619861,925.7391967773438
1250012152986502423,1402.792724609375
1250128299000459209,793.0015258789062
1250506885809823822,1307.259765625
1250559018331910088,773.684814453125
1250576989932362987,1031.6165771484375
1250612737771409891,1018.8760375976562
1250696684543595421,830.9017333984375
1251308996677487310,762.7108764648438
1251333253927616233,955.24462890625
1251384692670494767,880.2816772460938
1251397984170192333,959.3260498046875
1251420818184338127,1045.8568115234375
1251435105629281853,1129.706787109375
1252078580925784928,787.047607421875
1252263673328362426,919.883544921875
1252268232554434671,1036.28173828125
1252278513843711509,1323.1300048828125
1252282715380433145,1575.7447509765625
1252696219086172777,1003.1284790039062
1252716186436991025,755.5112915039062
1252968389101664207,798.6381225585938
1253354315937032214,1331.0491943359375
1253475150543043080,1270.67578125
1253504701844294260,1114.3333740234375
1253532325514340188,663.8321533203125
1253631753836573901,931.842041015625
1253643769063275602,672.4861450195312
1253725876532641448,1604.9874267578125
1254086108463948077,1017.3899536132812
1254101425901560407,1008.2637939453125
1254107738072352558,2088.951171875
1254140542485238061,718.1748657226562
1254151248442038940,1314.8983154296875
1254164687169891426,1187.34912109375
1254184140410301898,2474.415771484375
1254283109944626772,853.3043823242188
1254308695888940829,593.2216186523438
1254334434813647011,2629.427734375
1254387949747800518,904.7946166992188
1254443354802103518,1071.42919921875
1254466883779639579,798.1726684570312
1254747820041861717,1172.9154052734375
1255094225021470324,1734.65283203125
1255213125895149373,891.0833129882812
1255611847932843074,1890.1826171875
1255742628641826534,1871.72265625
1255778493328499677,952.1080932617188
1255816023749696569,1001.0545043945312
1256275433843520148,1097.1883544921875
1256319598680251142,1505.5281982421875
1256415776032752315,855.8280639648438
1256427739967591928,926.06494140625
1256509129753115335,1523.9918212890625
1256525153162081224,884.37451171875
1256816161906862719,847.4139404296875
1257045178398257489,906.3772583007812
1257064540852991484,1081.789794921875
1257083215944054647,2325.341796875
1257083734437154613,2127.5263671875
1257084212384138582,2174.628662109375
1257084722548027741,2072.687255859375
1257093565841107957,768.5121459960938
1257135251052534223,854.4685668945312
1257230989588586133,735.8814086914062
1257295752703949288,1621.636474609375
1257301629145538033,775.6973266601562
1257321612366369846,1080.233642578125
1258029425840115459,2699.391845703125
1258104692774059191,1976.969482421875
1258446733071045375,1088.33154296875
1258583192822037183,902.4562377929688
1258729107947096937,1292.605224609375
1258779903687682078,1200.0179443359375
1259351947130776713,1615.8446044921875
1259532389609322078,1169.33837890625
1259867266524790487,923.64208984375
1259877021625073183,858.9810180664062
1259912226694171330,1108.5313720703125
1259959080945625026,1307.635986328125
1260027266538583908,1058.364501953125
1260083565809123380,2565.0068359375
1260594842792674437,884.6300048828125
1260605200078568190,2041.4051513671875
1261290828962413319,1411.72314453125
1261361394950192810,550.0072631835938
1261404849806134881,516.1951293945312
1261458655181386922,1056.72509765625
1261545216323809658,1395.2177734375
1261558590448816039,973.9592895507812
1261620408073130352,843.2008666992188
1261720681262871760,1811.7255859375
1261758312233914352,1174.084228515625
1262006571823988729,991.64013671875
1262070386969594122,917.3560180664062
1262090312073145151,506.0499572753906
1262104968965143682,1184.0677490234375
1262107898955462145,2121.68505859375
1262150586529240914,753.7770385742188
1262211297502045876,1184.1337890625
1262223336321687457,1181.1864013671875
1262254070430444945,1758.8516845703125
1262328825881671690,876.6922607421875
1262367903181074924,979.0936279296875
1262769865998777626,861.2245483398438
1262818935687287369,1309.8387451171875
1262983243073011409,1172.8057861328125
1263011898917172066,852.1681518554688
1263020474755535139,1296.4853515625
1263023541501188113,2997.776123046875
1263049899929251986,1300.2406005859375
1263150215333660871,1900.636962890625
1263393135185364088,1118.6575927734375
1263616650326781753,833.319091796875
1263876386814970073,838.218017578125
1264372986621563526,2238.06005859375
1264400485173502501,3035.289794921875
1264471072832058127,1024.6839599609375
1264475265144878209,861.4495239257812
1264497591432842994,1245.59716796875
1264606405878385169,1069.7725830078125
1264635011512824592,1803.2357177734375
1265154825262643451,3665.529052734375
1265196051314647927,1891.2623291015625
1265351616454804831,1441.6571044921875
1265632390170874571,1616.65283203125
1265724262216217894,1481.286376953125
1265833049126985700,952.2526245117188
1265849883259823610,1288.3701171875
1265936167469593303,537.9216918945312
1265966586898448476,1325.450439453125
1266094238468607204,1142.6844482421875
1266598390158116783,1106.84814453125
1266618460297241596,1129.74072265625
1266734658238726850,1403.850830078125
1266786356803657788,1327.277099609375
1267106942140858996,2401.198486328125
1267212494892573565,1120.6790771484375
1267315084652752945,650.5728149414062
1267454870633467599,957.236083984375
1267509221975443339,848.1505126953125
1267893305938283861,589.0006103515625
1267903906135315896,435.2494201660156
1267936466451888795,1770.1400146484375
1268055826510126552,502.18157958984375
1268137871175299693,855.521240234375
1268149039815025266,689.8438110351562
1268201424504520370,968.6900634765625
1268623368704880413,796.5410766601562
1268630150176042248,1073.1180419921875
1268734444726387623,1555.8829345703125
1268742121759323079,1097.1558837890625
1268762634449111524,1508.4151611328125
1269427510392299795,2491.45849609375
1269482527888477870,1599.254150390625
1270058389149009578,695.3067016601562
1270123278396132424,920.7933959960938
1270449679393844632,1049.406005859375
1270703154184307001,971.640380859375
1270836745920654691,865.0161743164062
1270874905162250843,1339.5933837890625
1270910043669028913,786.4522705078125
1270924304497116949,870.8792114257812
1270933344838348909,940.2318115234375
1270977626511624005,647.67431640625
1271187345440679845,965.3375854492188
1271506039428524954,1792.1246337890625
1271562449399695239,1206.75439453125
1271617857366783791,727.1232299804688
1271621132860210470,1304.8447265625
1271722247008604355,700.7789306640625
1271743283268207194,1553.863525390625
1272368670995773406,2217.44580078125
1272512482678156544,3705.14208984375
1272956879578139301,3667.799072265625
1272990826444783874,3599.093017578125
1273013411813630629,1096.1844482421875
1273083911486001488,1039.853515625
1273300478829198487,715.6676025390625
1273373699928099846,1027.11181640625
1273604367129857436,799.1312866210938
1273667635425767784,1357.028076171875
1273703824882224553,1280.702880859375
1273786956805837030,522.954345703125
1273839821767459112,1609.300048828125
1273866871030394449,1234.8189697265625
1274318654384890059,838.1055908203125
1274740309064634261,1110.8065185546875
1274746422503717573,633.37548828125
1274755914709408405,824.7474975585938
1275207692119794680,804.45947265625
1275229336248757151,1446.81884765625
1275954519499591758,904.2406616210938
1275976359189050258,694.78955078125
1276586576443374829,1150.64306640625
1276653660431218182,908.6724853515625
1276755638928441969,1010.4554443359375
1277331859448517938,906.3867797851562
1277368455566010949,1236.880859375
1277384075921795580,807.6832885742188
1277472163535451265,1290.17529296875
1277506135439812156,792.8622436523438
1277511744171845307,1089.1275634765625
1277572488332220746,1170.5355224609375
1278006477871460228,2850.994384765625
1278050703261566572,965.238037109375
1278240456692617585,1121.0787353515625
1278373499880866801,951.8427124023438
1278417417982733931,1856.6502685546875
1278417497675578950,1015.9909057617188
1278580408089922736,3452.025390625
1279044037593538432,1530.0130615234375
1279524497165725946,651.2218627929688
1279586229070329718,838.2952270507812
1279642342487137785,1076.687744140625
1279671604822286901,948.3493041992188
1279702644420682173,1323.1981201171875
1280177275801575982,630.9619140625
1280270347328437683,2133.09033203125
1280309911843544538,1598.335693359375
1281050121596642261,892.827392578125
1281076881779237041,931.5582885742188
1281564152534016128,1251.3089599609375
1281618246264792497,1099.2467041015625
1281679715836688442,2382.058837890625
1281716653065376468,1530.8623046875
1281719490959358469,1191.296142578125
1281755601796697514,883.1754760742188
1281794578591967373,930.15283203125
1281800280315064650,1305.2127685546875
1281850430034043867,746.7767944335938
1281865907813184172,1143.794189453125
1281945510255654610,887.5977783203125
1281951625657564654,1003.033203125
1282246254402231164,1712.0482177734375
1282366057684199181,1068.79931640625
1282459945674246175,921.4283447265625
1282486189900934540,2203.997314453125
1282486291823841293,4908.66259765625
1282486374265822485,2501.92138671875
1282507559314835955,2112.18896484375
1282516734085895956,1388.406982421875
1282554626694694622,1027.7081298828125
1282740516612710049,777.1397705078125
1283296408611862526,1079.701171875
1283301873480332105,1273.648681640625
1283345289083449722,937.4461059570312
1283373537515317266,1514.0902099609375
1283470656588145181,1402.7861328125
1283932443306123445,1017.7299194335938
1284115306458480820,1422.795166015625
1284541843389314135,794.9374389648438
1284570539176206604,1300.0272216796875
1284574908134516725,2323.344970703125
1284753438135732956,915.5719604492188
1284846912060314291,790.3651123046875
1285360491812192073,948.9855346679688
1285386516628747604,1993.321533203125
1285412836284097849,1134.3985595703125
1285454571901773434,834.1660766601562
1285470206343358439,2708.6748046875
1286011194471243693,1564.4056396484375
1286290151255189546,627.7470092773438
1286310261266849198,1263.1427001953125
1286775657664365024,1109.04736328125
1286859716677893910,1153.34423828125
1286898061588627290,952.2639770507812
1286958359695669244,1194.6239013671875
1286965163169286123,1025.541259765625
1286970345387156770,894.0352172851562
1286973748360720563,951.77685546875
1287581088811452291,1615.199462890625
1287692830706843797,834.1649169921875
1287702938977494188,1179.2252197265625
1287856898419330612,1275.16552734375
1288157011413843984,1327.2637939453125
1288227999473745867,775.502197265625
1288319379459813606,1108.254638671875
1288337547796635227,1622.591552734375
1288441271413720473,1199.918212890625
1289276495529567444,850.0585327148438
1289283265217912195,1108.7525634765625
1289675338125852300,715.56884765625
1289684439114336117,1402.2279052734375
1289714780020996074,1109.497314453125
1289774614358229217,1023.4532470703125
1289911784246356074,1000.2568969726562
1290449604010936808,422.71832275390625
1290508201974606017,869.9297485351562
1290742932728897834,1070.1903076171875
1291182683101530118,1129.06103515625
1291216743079914066,1727.064453125
1291285892855656220,499.52984619140625
1291487277073789718,940.6264038085938
1291860501973327760,1017.724609375
1291867417143028629,528.6277465820312
1291898974904879254,979.2515869140625
1291903921587192228,1168.070068359375
1291987902016087028,1241.162353515625
1292008708410699293,894.27978515625
1292024572839914946,1679.3875732421875
1292043926620848342,1610.9586181640625
1292045705668741247,1328.974365234375
1292096722505960780,827.743408203125
1292102713340537646,1028.5589599609375
1292103911258265329,1414.2764892578125
1292493489835594065,956.7532348632812
1292510621417015719,1034.48193359375
1292605732214098365,2714.030517578125
1292711047054641530,1079.124755859375
1292764915660515118,782.3995971679688
1292806150048357070,852.580810546875
1292809527722397592,1123.89013671875
1292858769485925600,1337.672607421875
1292864735988775263,1329.544677734375
1292883108752976763,3803.726806640625
1292897467559532707,1476.6083984375
1292897584630864574,1052.7747802734375
1292934161474029777,742.1983032226562
1293341654428922377,842.0732421875
1293345683207625090,780.05419921875
1293350405667144552,1063.2646484375
1293464427202788963,1441.779541015625
1293527418106444708,2591.5478515625
1293579126128939017,1731.9931640625
1293983772987121751,2047.3096923828125
1294001411449471776,1011.2186889648438
1294004272121362412,831.001708984375
1294005240320541473,462.4986572265625
1294061234837932829,580.7743530273438
1294077922953361757,528.2197875976562
1294107216727890306,1272.9603271484375
1294360345597536117,883.1510620117188
1294362026646066697,598.4578247070312
1294722663402754762,698.6192016601562
1294793083799588416,1090.3909912109375
1294808852189925093,1328.8818359375
1294981212036917759,886.5128784179688
1295015063943181421,1063.244873046875
1295085469372056846,1367.1480712890625
1295498809320901400,2572.472900390625
1295634856819381853,2390.37548828125
1296150516769088279,460.952392578125
1296275251150929124,791.1507568359375
1296287059834698797,647.673095703125
1296302278877189226,1052.412109375
1296429855126967868,885.5658569335938
1296864324297331156,1538.4925537109375
1296867411573652669,745.8901977539062
1296962564038180391,1900.7548828125
1297517043236693778,1007.225830078125
1297666222719146402,637.9453125
1297826298923965409,1091.160400390625
1297857722337396115,877.1351928710938
1297991007773245095,733.5565795898438
1298451473428744267,1249.3482666015625
1298500200443109948,1492.1031494140625
1298522732809097421,1177.3504638671875
1298561524480351402,586.3536376953125
1298726474371037788,953.0643310546875
1298760335454811569,1715.3482666015625
1299091561721276976,1474.95703125
1299167542736393699,1372.4288330078125
1299303622892155281,888.5067138671875
1299369925781831481,1004.6416625976562
1299406670710977650,928.1201171875
1299707870954362275,1567.035400390625
1300015439387101627,1226.94482421875
1300116819993070781,1160.83056640625
1300125454798671263,713.522705078125
1300349255988647898,1042.46240234375
1300546535287888331,1804.2254638671875
1300568763674451530,857.7283325195312
1300699473352332607,637.630615234375
1300713884655968334,2652.81689453125
1300732032783395384,1353.9827880859375
1301407348214838220,1065.095703125
1302007550659400351,936.1175537109375
1302044996680763422,1090.5777587890625
1302105457471996566,681.4945068359375
1302224925016042124,1115.139404296875
1302328879021780587,1398.21435546875
1302860178914301004,917.2807006835938
1302913920815074307,1538.0396728515625
1302939608785729632,1625.23681640625
1303403280016253148,1091.4859619140625
1303441613893164678,3463.801513671875
1303556594582774160,603.0341186523438
1303595966053420674,1913.8160400390625
1303666024922101879,954.4315185546875
1303780782123067241,1334.4146728515625
1303845091047132874,1301.826904296875
1304448432492015374,865.6837768554688
1304451814799970043,1194.833740234375
1304504177883547379,827.1627197265625
1304948654018507689,1163.357421875
1304958422179840356,1083.876708984375
1305146810218295427,1699.7841796875
1305205931338307434,1593.985595703125
1305491053561763720,886.1469116210938
1305505450958352094,1322.47412109375
1305516281430605408,1237.6702880859375
1305689252684210489,1512.3270263671875
1305692194607513208,566.971923828125
1305831951269384670,596.2642822265625
1305950270685323442,883.5048217773438
1306388950706585091,1742.7242431640625
1306421800174436616,918.0687255859375
1306518383910250781,2033.138916015625
1306545090371193738,3301.427734375
1306660607246543727,889.7516479492188
1307094355209158403,794.405517578125
1307217429118548938,969.9661254882812
1307224490974587937,1254.0361328125
1307269935046771608,904.2238159179688
1307272886874904681,1073.4161376953125
1307308177774245425,933.5012817382812
1307375086203800041,769.6702880859375
1307673455734518404,996.7219848632812
1307779669298047394,1116.3140869140625
1307952431055700623,1009.8590087890625
1308058967382072728,1107.7178955078125
1308082390274731191,1069.57861328125
1308118119492266360,553.1987915039062
1308612634357914860,820.2267456054688
1308709407402254950,887.725341796875
1308816159618059601,793.365478515625
1309356363337662289,863.7905883789062
1309439011487985799,1222.4083251953125
1309488166915965300,730.2090454101562
1309552090994019411,2317.123291015625
1309636974316047800,1352.7867431640625
1309942425059031356,343.60772705078125
1310224783849213557,615.0965576171875
1310367608059053561,1018.5798950195312
1310401158417082165,898.00244140625
1310453574761741703,2078.265625
1310868605191901023,749.014404296875
1311093632171120369,595.5640869140625
1311560121026759253,2550.586181640625
1312093245182219428,940.5078735351562
1312188001393146196,1422.900390625
1312235367575475960,1010.5909423828125
1312279638550904120,680.925537109375
1312309828791215812,747.1969604492188
1312337893585528203,1078.9166259765625
1312394724461886080,2116.061767578125
1312469595280200852,974.7625122070312
1312511860515428592,1553.102294921875
1312566945693085210,519.6464233398438
1312867970116206446,1312.4339599609375
1313084585116475960,1295.888427734375
1313160556134144173,886.5446166992188
1313537841501711338,1047.091552734375
1313731198003742648,829.5830688476562
1313939591280558566,1009.7274169921875
1314509108652671777,954.2529296875
1314658509336136047,1996.7498779296875
1314662444308315681,971.198486328125
1315139714971104103,1151.6324462890625
1315160324789030241,1271.433349609375
1315200081684805386,2201.923828125
1315201587195406461,2169.428955078125
1335669012561294120,1601.0430908203125
1315296588654522825,1300.6055908203125
1315307355471717237,298.9940185546875
1315356725795252924,575.4979248046875
1315603631228250406,1352.7247314453125
1315765891551558603,1308.8846435546875
1315792455602936194,882.1439819335938
1315824259088640893,935.7775268554688
1315841070554287245,1496.5552978515625
1315913496867126918,1915.62939453125
1315931187337909919,921.3821411132812
1316445977012860412,549.8396606445312
1316578360367642389,687.559814453125
1316786473626196730,842.0977783203125
1317349016092790168,1429.5050048828125
1317410233409837694,1460.3404541015625
1317935452147785971,2272.03857421875
1318801194050970992,886.3203735351562
1318900079871948088,714.819580078125
1320143537625389831,884.74951171875
1320597337152965782,1101.7926025390625
1321094193961570217,876.9166259765625
1321547085581887328,1098.597900390625
1321564302667643971,1753.9527587890625
1322331504559466267,1066.274169921875
1322366703877060404,845.111083984375
1322421703964757123,722.45703125
1322505260524635306,867.2862548828125
1322522605280988838,835.1873779296875
1323008837813881419,1550.421142578125
1323115515655695749,1178.5174560546875
1323120944311945001,958.2953491210938
1323329443581354059,683.7789916992188
1323445555046909398,1114.021240234375
1323827499978602422,1239.37255859375
1323871964209132650,907.7373046875
1324497215919186289,2123.966796875
1324751855444666997,2044.429443359375
1324790585492103598,1523.873291015625
1324843504003402643,877.0388793945312
1325195194583187243,2203.242431640625
1325268059480410528,859.0905151367188
1325303987141038684,1367.1297607421875
1325393762851057905,906.347412109375
1325508556870082823,669.8668212890625
1325597836963161038,1003.8440551757812
1325890195431354927,972.8135375976562
1326046849136509490,1531.8421630859375
1326071628412166984,1048.2596435546875
1326087148961235635,1231.472900390625
1326108233382274433,998.850830078125
1326692299983741570,976.0368041992188
1326771936878484468,1908.306396484375
1326787911655600951,1644.6966552734375
1326807236481079272,1100.3358154296875
1326823609528591507,1031.2764892578125
1327450410921798549,1011.5614624023438
1327508306542682669,1516.2156982421875
1327545380742660882,795.9457397460938
1327552995744345533,1199.4024658203125
1327561917732638837,1032.331298828125
1327589280254429532,835.38720703125
1327623273621195238,1182.711669921875
1328073354243447794,1431.981201171875
1328101091485833597,1596.9697265625
1328161585607904912,1218.8345947265625
1328195668400392982,401.5600280761719
1328214637615252743,859.9234619140625
1328390294063402175,2592.3515625
1328398337332348752,1709.7095947265625
1328866855244023393,1221.9697265625
1329151159809956157,1213.631103515625
1329620465791935735,799.5358276367188
1329641875245612458,1390.65087890625
1329654310516648800,1397.564697265625
1329805756756317582,1229.1883544921875
1329921899307460019,1176.0711669921875
1330221345148231813,945.8637084960938
1330304852872342276,2488.32763671875
1330352615429608391,951.9431762695312
1330426470000832503,925.8943481445312
1330521203094184659,696.2772216796875
1330582149273461327,693.6210327148438
1330723217704180958,1190.026123046875
1331037596565127264,946.9790649414062
1331237612967675375,923.7245483398438
1331316262882070771,1349.0716552734375
1331623003402169733,976.0852661132812
1331784681707131652,1047.81201171875
1331897534205074374,629.2457275390625
1331945991311964402,918.8421630859375
1331967656776624728,1027.34814453125
1332455961262448490,1036.938720703125
1332518973935400504,1369.027587890625
1332540256196190902,1527.3055419921875
1332551060922939733,684.939453125
1332553697008622663,1457.2108154296875
1332584251766823825,1562.9813232421875
1332584262409447815,904.2350463867188
1332626945075518938,2199.24365234375
1332629761845347264,2220.09521484375
1332647198330237571,1822.2052001953125
1332742073031005690,1047.77490234375
1332823481553914719,1279.445068359375
1333179616327987777,1179.601806640625
1333215930738398812,970.3736572265625
1333239387334854871,772.2930908203125
1333325177099088288,830.6423950195312
1333354654676245772,1985.123046875
1333450334323445590,2044.2811279296875
1333461309221535090,1113.553955078125
1333488886250427649,1244.277099609375
1333537135280427664,782.9417724609375
1333894847491088690,1688.9820556640625
1333993740879890938,1012.2395629882812
1334019345864326998,1028.706787109375
1334043462604222394,880.8134155273438
1334167272795743685,908.5531616210938
1334198797372423113,985.245849609375
1334204482721381093,1205.6400146484375
1334574983923010316,772.0740966796875
1334752660146388135,620.9234008789062
1334754975613051101,1482.3321533203125
1334823224603896846,692.9605712890625
1334880337904174864,822.9763793945312
1334892803815626909,1824.117919921875
1334918810070559718,2236.496337890625
1334939209927734087,853.717529296875
1334939516549248535,1839.7178955078125
1335479820712223088,1320.56640625
1336144531781609956,2456.603515625
1336913931470497612,1297.7567138671875
1336937640429937486,1025.5054931640625
1336963748316769944,951.9358520507812
1337014023195775580,1026.403076171875
1337028671126379360,1441.001708984375
1337107957154535006,988.1192016601562
1337143561967029449,3389.273681640625
1337431987440769358,1562.504150390625
1337456833064756131,779.9208984375
1337469818637973767,1043.4754638671875
1337470043372332157,858.9215698242188
1337481373344243074,1053.3115234375
1337512588053717645,2102.259765625
1337574438872899682,861.914306640625
1337665330583448838,934.2644653320312
1337691114598688745,837.5879516601562
1337693539213145020,1273.770263671875
1337717237130630315,1499.4544677734375
1337753632027395301,1310.0174560546875
1337797556443960378,345.3706359863281
1337799158053738084,806.540771484375
1338212591674017509,918.9132080078125
1338253023202293476,2625.44091796875
1338289169742868128,1106.4276123046875
1338343468661182274,494.3027648925781
1338518226621162242,573.7081298828125
1338917701531039446,660.49951171875
1338971033937968494,2067.4541015625
1338994429003271374,1879.5301513671875
1339002165240253329,3064.58349609375
1339013564960148859,1289.219482421875
1339121110354136207,775.8714599609375
1339166145437183424,2908.117431640625
1339276266301335492,982.256591796875
1339324125864455232,910.6339111328125
1339746903777130387,1524.8355712890625
1339812557767864018,834.953369140625
1340068460551237369,632.8817138671875
1340504507417077683,1109.007568359375
1340646652963755521,1307.365234375
1340725327956530601,2907.602783203125
1341159995132536167,1648.6580810546875
1341201815830717272,1581.10400390625
1341271566826425302,5210.92431640625
1341381158625390453,1027.427490234375
1341869351246048433,1664.395751953125
1341924905119294772,1736.114990234375
1341999032417559698,1261.8094482421875
1342118356366379035,1254.061279296875
1342195865518949081,1037.433349609375
1342600338187769283,1164.8585205078125
1342622248290655598,1875.8267822265625
1342625114981843453,1202.7218017578125
1342681095171366802,799.4518432617188
1342689950328363103,1088.7762451171875
1342693266794601510,1357.823486328125
1342695188023751973,638.4939575195312
1342722715804120795,864.0149536132812
1342866742011777609,1256.675048828125
1342898467612647411,913.6295166015625
1343221759250180936,1062.4459228515625
1343299197732012842,1075.96337890625
1343356501942998614,852.91015625
1343394340135914948,896.6531372070312
1343519835715671664,1086.8448486328125
1343590097277940458,257.35711669921875
1343593367432029599,846.9827880859375
1343598607527640491,430.6273498535156
1343602322196370975,717.1731567382812
1344162453177067399,3099.932861328125
1344200656570789347,1147.022705078125
1344213601535446420,2401.8720703125
1344214012719976438,3102.252197265625
1344238693239062839,1176.1912841796875
1344290784835787950,679.22119140625
1344293903074029934,901.9898071289062
1344297150090379949,1294.5040283203125
1344359851793993444,1008.0689086914062
1344421309258598828,1066.9110107421875
1344911389959218664,1048.4462890625
1344928264057049626,1751.900390625
1344951887158464769,1139.6209716796875
1344997435499208952,898.3226928710938
1345109360263407617,2164.856201171875
1345353852846202192,1436.6756591796875
1345445737285733351,1050.1947021484375
1345683103677869418,1372.71240234375
1345929944773290584,950.026123046875
1346262006364432817,823.5828247070312
1346345336786361097,1084.294189453125
1346597358489844238,466.8923034667969
1346888178981526406,1516.2764892578125
1346922602043564061,1138.415283203125
1346932290978435173,691.849609375
1346935880269121927,1428.7835693359375
1347076657178666317,874.3091430664062
1347100565562594603,1426.3734130859375
1347107030398169645,949.8438720703125
1347708079264890498,575.9761962890625
1347756592721640736,775.5407104492188
1347784967111864928,795.8576049804688
1347840508330334989,740.6897583007812
1347904590023376304,961.1837768554688
1347960303463683049,832.1919555664062
1347975506339408849,1464.6754150390625
1347975730831063618,2472.440673828125
1347975943948498658,2346.06201171875
1348407120436114622,912.7297973632812
1348414241969268615,1364.0423583984375
1348510238428308006,1131.03662109375
1348595742535424709,2624.013671875
1348606461873165026,2573.84033203125
1349152632023863229,968.5087890625
1349193492540426916,1695.5228271484375
1349248154052807060,1301.2412109375
1349268728482259362,1370.740234375
1349285375304901058,658.1568603515625
1349296151229260850,650.16162109375
1349346447918013888,942.5343017578125
1349366679575609579,779.1281127929688
1349437238788076267,909.279052734375
1349860709835725509,974.9765625
1349918817620495293,921.18994140625
1350077544937136068,1060.2691650390625
1350120765812186611,829.7161254882812
1350275777183688432,1196.443359375
1350465031290336105,2448.668701171875
1350568171028703147,1607.49658203125
1350584754510196358,1471.0106201171875
1350714728895706850,697.9789428710938
1350720699590432152,2322.70556640625
1350721099794766906,2143.514892578125
1350728297994886568,1357.9012451171875
1350730878505506115,1303.4822998046875
1350745104189612237,1015.6689453125
1351440576289955928,3168.60498046875
1351638006346563267,3579.60009765625
1352006698144843016,501.4967956542969
1352042512165406367,902.749267578125
1352184885556472893,907.8885498046875
1352642844598984482,1615.9501953125
1352754950302557919,1170.5986328125
1352783881855471783,1032.2037353515625
1352802056846392946,1175.822021484375
1352807446212582010,407.02801513671875
1352887624176988533,1053.078857421875
1352936646962266496,941.2183227539062
1352936760444224806,1021.4981689453125
1352939018445225859,1260.647216796875
1353005376820544604,1009.8382568359375
1353036674533291651,1642.80810546875
1353044668595481704,757.3424072265625
1353095209879247665,1672.5283203125
1353397754991931314,1357.8863525390625
1353432157155708173,758.5341186523438
1353529929022027631,1295.81982421875
1353536129984616452,767.41357421875
1354140171509509181,1956.9302978515625
1354269341306957314,736.3278198242188
1354308978816498526,2712.619873046875
1354313639905387575,2484.70166015625
1354483754714751639,629.4203491210938
1354839498503216909,850.3641967773438
1354875168730590491,450.686767578125
1354898184482717981,1098.4888916015625
1355018570029247228,934.6597290039062
1355151319601320577,939.0951538085938
1355151494087207363,935.4417114257812
1355249193160951193,696.4524536132812
1355267058617370124,1028.443603515625
1355647490476234254,1026.14990234375
1355728030950950276,654.9918212890625
1355781125981468959,969.0475463867188
1355862980475550472,1242.346435546875
1355938863622692466,1242.1092529296875
1356361463958674747,1878.9061279296875
1356407791829074620,1075.7529296875
1356413470751466633,1026.072509765625
1356416289629607617,1458.1602783203125
1356467140965213707,935.2033081054688
1356467314888555144,772.3377075195312
1356549476720500189,2284.7236328125
1356640057342564020,1193.71435546875
1356683319745249060,1037.97314453125
1357034940387319107,1064.9366455078125
1357090461706572878,989.7698974609375
1357136228237771684,1744.03271484375
1357230013738339493,1233.829345703125
1357255333236698078,811.2379760742188
1357275691308588526,964.81884765625
1357367036948703682,1052.5648193359375
1357387886865439095,1254.5269775390625
1357794642045789158,795.02587890625
1357870965703508467,1037.97314453125
1357915231197051529,1244.916748046875
1357945815532944411,767.2120971679688
1357978721718169184,879.5671997070312
1357981367762877072,958.3690185546875
1358011074312612323,1441.3944091796875
1358015557253060526,1009.38525390625
1358118817375452805,1022.1478271484375
1358150633218033997,1088.1383056640625
1358484820291791142,1225.2596435546875
1358661490253015312,577.2701416015625
1358701008742646640,1134.866455078125
1358779183910735740,1210.4423828125
1358786015418947540,1219.6207275390625
1358850357424221140,2201.1435546875
1359209151873102641,738.9574584960938
1359235373453749581,3217.312744140625
1359250033847001694,1180.4071044921875
1359256946061668291,2091.944091796875
1359372553127825236,519.3106079101562
1359676763837795338,1450.13427734375
1359931431716161338,772.5659790039062
1360107632161775684,1540.48388671875
1360129821261079990,948.4982299804688
1360155714654088905,1157.1661376953125
1360161099803284939,595.9658813476562
1360173824349965690,1243.4810791015625
1360268141211436311,1096.467529296875
1360588836232352021,1257.050537109375
1360745092404867977,1432.8458251953125
1360818586732624060,1659.3448486328125
1360989994459512248,857.9908447265625
1361321154112062210,3267.18310546875
1361440530672731109,1391.8909912109375
1361601362775577918,1005.7298583984375
1361608431804106666,585.6801147460938
1361633256528036990,2507.20703125
1361685145863034044,1363.0780029296875
1362115580713400681,919.7689819335938
1362154461532237817,3290.83740234375
1362183076675087374,1194.7196044921875
1362231484030584926,1431.7044677734375
1362790981961585567,1314.719482421875
1362886689461358701,788.8341674804688
1362905566995344056,819.2756958007812
1363045044460882455,1052.664794921875
1363054804138437693,1119.7830810546875
1363061466783529354,986.7810668945312
1363132060652858064,488.65252685546875
1363485456773382165,898.5045776367188
1363535386485887401,905.9866333007812
1363572751503240088,991.5435791015625
1363616765177957003,1470.6168212890625
1363667268847125949,984.1159057617188
1363754582698347125,1916.161376953125
1364245802419387065,1682.745849609375
1364265495385269501,704.4907836914062
1364413400876111656,1448.071044921875
1364640481714906701,688.7089233398438
1364655539479402930,780.5604858398438
1364771993378657438,1424.29833984375
1364966190106842291,938.6300048828125
1364971349956874343,1140.5677490234375
1365248184486498516,769.4340209960938
1365254799169059828,1365.7266845703125
1365256747268797256,931.0750122070312
1365280641352137203,430.00518798828125
1365903731421304696,403.8094787597656
1366499860819433501,986.4439086914062
1366640684786965705,926.1378784179688
1366695756619319285,2270.9970703125
1366908572944848711,1774.1417236328125
1367137463527428625,906.4642333984375
1367196147734902786,1078.548095703125
1367212644684769415,855.8427734375
1367313518490204601,1041.0404052734375
1367317674657543473,765.8187866210938
1367319829928393016,572.4606323242188
1367328035287733317,728.678955078125
1367600933572747604,1447.7490234375
1367860854117234489,812.1268920898438
1368077907565686909,874.1806030273438
1368107765103465496,957.4938354492188
1368139614945329318,1019.8525390625
1368144360128910502,1044.346435546875
1368213463580095265,1171.6923828125
1368256579153222552,1347.771240234375
1368260420910451079,579.069091796875
1368634135568140907,1061.0269775390625
1368688339239395439,875.4326171875
1368700517071536438,1964.9515380859375
1368766364767862521,838.5089721679688
1368859040809008932,932.6826171875
1368937790841935186,660.03564453125
1369019777341698935,1452.26708984375
1369119353261614339,514.6931762695312
1369276860888872017,909.52392578125
1369333838520828206,1290.9488525390625
1369373938105281515,1608.8109130859375
1369407706263508993,1885.0440673828125
1369436408904208053,734.6898193359375
1369498498768711996,1238.2078857421875
1369548488019102703,1844.8421630859375
1369610638657187550,1510.7525634765625
1369677559640207981,1760.1007080078125
1369690015370608755,893.7578735351562
1369744207949005513,970.7554321289062
1369761412661427634,1775.79052734375
1369780257240134159,3062.339111328125
1370108730314459224,1699.4605712890625
1370213318771288944,2054.59033203125
1370567228653684858,888.7374877929688
1370758509732583083,1043.417236328125
1371119822601935401,1009.5857543945312
1371155160328292089,1257.703369140625
1371511049992916720,976.980712890625
1371703958755977391,1326.816162109375
1371763403826977652,943.6417236328125
1371827634776298564,964.362548828125
1371921075230014761,890.8817138671875
1372223926677777733,880.1342163085938
1372231222906760411,1027.8984375
1372354840157305485,889.3350219726562
1372385321487880519,1355.6605224609375
1372397133829305458,810.3890380859375
1372592142133622726,1455.306884765625
1372825129025595255,1529.1087646484375
1372961207677925444,1072.2322998046875
1372994672582967297,1836.885986328125
1373077688003956035,2011.15625
1373099504538737292,1150.7852783203125
1373221417594119340,917.723876953125
1373230062462910592,971.6510620117188
1373246484212307502,502.6657409667969
1373253397342391341,2005.5263671875
1373254098251199983,1917.4654541015625
1373307353180964075,2028.599853515625
1373309532189931534,1167.13671875
1373734860004530823,1694.4278564453125
1373759039679111617,523.7269287109375
1373810439034948712,1089.065185546875
1373837874600248734,864.9105224609375
1373905694791865101,1090.4783935546875
1373932389656389988,730.7838745117188
1373965296218376524,983.4425659179688
1373998965930425597,797.897216796875
1374021250101985355,474.9052734375
1374410554393877474,2221.845458984375
1374426459074208522,1500.4986572265625
1374426975610621234,1763.261962890625
1374427427040385794,2499.555908203125
1374465247732381221,981.2649536132812
1374474077100702726,1727.650390625
1374513493885630699,1851.634521484375
1374522804948341918,899.3928833007812
1374642402607196394,2738.822509765625
1374670012687259743,958.8132934570312
1375107549169564213,1333.1920166015625
1375153074263510794,767.3102416992188
1375218802549308761,2672.599609375
1375285526243226182,1327.072509765625
1375405246356136455,613.179443359375
1375486091902384331,796.7650756835938
1375851151916264678,1384.806884765625
1375854051642070999,1230.109619140625
1375910288015927025,1261.548095703125
1375947642951389118,862.55810546875
1376003656989868254,1056.946044921875
1376010075569732158,1345.97607421875
1376030814540250702,621.9432373046875
1376163572432251774,787.4990844726562
1376171736019929864,990.32470703125
1376222078199029819,1589.86865234375
1376547168176221395,1416.6485595703125
1376792934855677594,896.9805908203125
1377277416404929397,861.0535278320312
1377472842316093939,1138.9488525390625
1377508080727346058,962.3783569335938
1377527414272486913,1201.275634765625
1377539410716547055,3410.107666015625
1377659337602270885,804.8628540039062
1377679425404939179,1326.3482666015625
1378068201567788852,2073.855224609375
1378122486234849181,767.035888671875
1378150630378052386,1576.4095458984375
1378160522894313998,1334.6292724609375
1378204235152828740,1079.714599609375
1378226525880644658,3033.839599609375
1378229352306807614,988.4111938476562
1378231669159735415,548.8416748046875
1378242696835479115,1408.844970703125
1378270515301929025,2349.340087890625
1378297130017898130,557.1381225585938
1378310785214697921,1573.084716796875
1378328401086372692,1027.8355712890625
1378341413443051293,978.6829223632812
1378782919636638732,1267.562255859375
1378903109580257369,2809.296630859375
1378903894354315362,2162.05517578125
1378992893937102535,843.6357421875
1379060129332509550,1920.7716064453125
1379076293565686769,2444.33203125
1379513015716533137,1621.0709228515625
1379568009187845539,1219.8995361328125
1379587619644061346,4066.052001953125
1379601085797707557,1029.1531982421875
1379677859369100115,1040.5440673828125
1379705409308847975,947.8157348632812
1379721389052337807,1241.9830322265625
1379754012790981036,2472.56103515625
1379827303222079423,1481.0638427734375
1379851160439934482,1725.3455810546875
1379885076355920509,1387.2275390625
1380156743552863252,1411.5379638671875
1380199220122312939,1218.349609375
1380264247344396719,1408.7017822265625
1380326839871794778,3569.966552734375
1380348523721869432,1569.614013671875
1380353712250542152,1217.646240234375
1380437052379409934,1161.95458984375
1380472117666759130,565.3903198242188
1380477512442880407,1072.6771240234375
1380480147008879992,975.6119995117188
1380861127435450615,845.2406005859375
1381033853978414915,766.2101440429688
1381331700235348247,923.0056762695312
1381364460613338177,946.539794921875
1381626650495736728,1301.872314453125
1381741474607354533,1093.3525390625
1381742695990706656,1154.5177001953125
1382426126179414005,1875.8385009765625
1382458885911661348,1264.78271484375
1382473824778761406,989.5370483398438
1382497621428311054,2009.014892578125
1382580988737653291,2166.970458984375
1382591538707121399,1212.2216796875
1382607841708979973,1595.6702880859375
1382636974290581478,845.7661743164062
1382679629010721562,2184.215576171875
1382686731301901058,1081.82080078125
1383133141254602573,1257.6307373046875
1383137223029454239,2251.68505859375
1383155471083893698,723.069580078125
1383183905567680362,1084.8521728515625
1383185622127349079,954.9884033203125
1383246663319925332,984.6609497070312
1383305518274557592,839.88916015625
1383315594179712485,1065.74755859375
1383335949156258752,1000.1900634765625
1383347022365497990,1504.239990234375
1383356236217279591,1382.4393310546875
1383415703232062249,1037.921142578125
1383464715077998648,1352.45751953125
1383478198648270248,915.3106079101562
1383507211356330364,1785.5103759765625
1383512357934951793,1078.2125244140625
1383874766593174639,1273.722900390625
1383879397232096325,2659.439697265625
1383907520655427290,481.8145751953125
1383918568303465340,1662.2705078125
1383920277512921571,1279.55126953125
1383948204018314672,1135.8515625
1384032093395615434,1342.91455078125
1384083247513702897,1091.8824462890625
1384137330044418880,997.078369140625
1384160674988345561,2718.648681640625
1384194607231195683,1186.1190185546875
1384219523054351089,759.5281982421875
1384557556167986529,714.17919921875
1384566254535957895,993.0620727539062
1384579785469697752,6210.8251953125
1384624506430807441,1190.800537109375
1384710185819687506,642.4357299804688
1384784174488661858,751.4426879882812
1384790677117857102,1361.40478515625
1385290666533408063,953.9491577148438
1385388046076399249,2731.84716796875
1385409087156487734,895.705078125
1385683942467453231,866.5115356445312
1386019196296668443,723.9847412109375
1386341101459126825,1529.3773193359375
1386384973935323006,1094.81201171875
1386770028091149379,1691.3795166015625
1386795964212153010,1119.753173828125
1386929169394169009,1241.52197265625
1386934908369072103,798.31103515625
1386940810672019164,667.5172119140625
1386962661591084533,1892.0205078125
1387123064429354031,1104.75341796875
1387498311449263133,1774.689453125
1387698470821264970,1707.3211669921875
1387711784853226515,1073.6016845703125
1387763164376814864,952.189453125
1388167988716192121,1060.7864990234375
1388195580732018017,807.6173706054688
1388229289916893290,1723.3060302734375
1388285355811826781,731.66650390625
1388289192569130910,989.8057861328125
1388324122395219242,1000.1637573242188
1388335131313815324,864.6190185546875
1388338180921911546,882.0387573242188
1388443153560597790,586.618896484375
1388460895702079768,1112.3822021484375
1388485870880347947,979.989013671875
1388487656505349105,1457.5821533203125
1388531309465879192,885.876220703125
1388576489006288303,1349.297607421875
1388604671052051154,1143.49951171875
1388905443218650138,3785.317138671875
1388944536050479509,700.1597900390625
1388963679032990062,1271.2022705078125
1389000494527800953,1350.22119140625
1389063469290020649,1006.15185546875
1389150402776230880,942.7246704101562
1389180311741107832,981.4556274414062
1389199299333463016,1881.6943359375
1389199829327162932,1005.384765625
1389250038472705023,837.197021484375
1389671372208884422,1195.9342041015625
1389861006988895260,2300.216796875
1389890673614218276,1041.536865234375
1389947540295257588,857.0120849609375
1389959972402629446,1217.3406982421875
1390307715256388369,2263.14013671875
1390365204654599749,858.071533203125
1390416028703425765,522.7891845703125
1390480250721531428,1465.6654052734375
1390557595902360198,1192.9556884765625
1390641634775481177,941.6708984375
1390707027033675622,653.95947265625
1391064569683680989,1189.7894287109375
1391101092206090171,897.0731201171875
1391181624236343611,2165.3076171875
1391195453928453210,2056.69384765625
1391276366031770161,1362.3211669921875
1391375793472499723,1144.681640625
1391670987218493535,985.1296997070312
1391777451234925638,928.4529418945312
1391830741711312485,3509.943359375
1391844917023590714,963.9414672851562
1392010269533421695,1603.8154296875
1392076916879768658,596.3272705078125
1392096099814538717,1418.92041015625
1392518379418629815,1253.070556640625
1392584515772662676,1099.837646484375
1392697484380236052,579.8419189453125
1392712950862112100,1484.78857421875
1392742041084027119,704.7643432617188
1392742246476502170,927.2747802734375
1392785723477130816,1080.930419921875
1392839680881823793,1175.353515625
1392860459568360530,878.5142822265625
1393309022961483740,1109.660400390625
1393342168008420400,1002.8397827148438
1393405078251967027,1000.4464111328125
1393420574783699580,1277.3629150390625
1393448876250195721,782.065673828125
1393534540522091634,1483.2073974609375
1393597662208931551,1195.1387939453125
1394045579392634903,1119.0030517578125
1394170121695584755,981.4813842773438
1394261421240928588,808.5008544921875
1394268816998089566,1172.7486572265625
1394304976136002163,883.3998413085938
1394317844010548390,1457.0015869140625
1394327866703389580,858.15673828125
1394785186903413466,1220.2593994140625
1394914091137841728,2702.80615234375
1394933999012133537,1868.806640625
1394991404829565641,1163.9232177734375
1395347610359363056,2810.7978515625
1395438844997360440,1005.9113159179688
1395542252521840905,1690.9874267578125
1395575260728486823,1389.260009765625
1395631730816025965,1509.23876953125
1395702142796565108,970.5510864257812
1395791092022250106,1507.753173828125
1396243751119903789,829.40283203125
1396275604856991240,839.9866333007812
1396297361960147875,1147.48974609375
1396361900959881140,783.0947265625
1396401340149150845,889.3719482421875
1396417115849752726,913.2772216796875
1396445817703513180,1837.79931640625
1396563449498590239,941.2996826171875
1397005069214123163,1023.2310180664062
1397009861383972688,966.1290893554688
1397173006971452588,958.1911010742188
1397615501179457737,1975.403564453125
1397622578588210655,1061.5203857421875
1397671281769663947,1722.6697998046875
1397684483080369302,2592.687744140625
1397753249851294548,505.5574645996094
1397761275896319396,644.2466430664062
1397809390042975393,1013.3954467773438
1397828857803990594,1011.1824951171875
1397935115067102387,922.9576416015625
1398312422921767692,1456.66162109375
1398412115255370239,1165.154296875
1398540078216548589,1455.997314453125
1398586482481976393,1112.325927734375
1398620678778075596,1205.46337890625
1398656107941823972,526.2415161132812
1399055358075832304,966.2498779296875
1399178971534588955,1335.5244140625
1399209082871349797,522.97705078125
1399380630546937851,1192.7479248046875
1399442399942182014,1553.9005126953125
1399468704123322963,519.3627319335938
1399819023012854908,852.0335083007812
1399820203858403010,765.707275390625
1399853743528608549,3713.40771484375
1399873184106649464,977.1140747070312
1399874701215596509,2128.865478515625
1399951639253137603,856.9163208007812
1400036986440303874,2424.33984375
1400087892341066123,3719.015869140625
1400193403491170757,1022.5670166015625
1400539283134541427,643.4259643554688
1400548119024576067,909.3302612304688
1400551019686335739,822.3597412109375
1400552515935215340,821.38037109375
1400553661014929686,1683.0301513671875
1400554427467059547,743.0202026367188
1400556587656042585,706.135986328125
1400557819465245494,985.0967407226562
1400560033840181612,1326.8990478515625
1400562028782135585,711.15966796875
1400722209184318859,1312.330078125
1400744975441930070,1317.7783203125
1401202732583281560,1292.31591796875
1401302751454728124,1612.4935302734375
1401365612192967407,3123.88427734375
1401370253425762772,1261.341064453125
1401374731136513379,1307.9405517578125
1401421246593780786,1799.1212158203125
1401431967422415867,1861.1697998046875
1401543659990530670,2634.609375
1401888366419660400,718.8067626953125
1401919529060181937,1028.0220947265625
1401967486431974462,1070.6552734375
1401982748039018986,1188.136474609375
1402129794124620714,2204.046630859375
1402133378764500509,2366.518310546875
1402136376723802794,2685.536376953125
1402139014794313162,2083.913818359375
1402141452962336004,1110.761474609375
1402159281745411336,1278.70654296875
1402164474497506865,837.4716186523438
1402197307053590334,1194.3941650390625
1402200080184419039,570.8228759765625
1402226638505201608,668.6801147460938
1402743962297248277,1055.707275390625
1402779992891280130,1080.3409423828125
1402891029486528969,902.068603515625
1402903234203025387,1421.3870849609375
1402950501880146532,422.55633544921875
1403047553549743409,603.4210815429688
1403413506150366736,1024.846923828125
1403439738527641469,1246.7158203125
1403504983620260462,740.373291015625
1403551505270266328,1271.1221923828125
1403568732436970185,1179.1768798828125
1403644793349224420,2423.87255859375
1403648292636275719,1210.18408203125
1403653698230829118,1118.5914306640625
1403655361411677732,1394.1942138671875
1404147185598241168,1401.03271484375
1404165747130489542,860.6315307617188
1404182810753729624,1706.4449462890625
1404190702232950312,1066.0172119140625
1404221711026450731,2387.484375
1404264340246950543,1480.576904296875
1404312279900006397,1381.5233154296875
1404432587978320799,1217.624267578125
1404462547624080732,1093.2835693359375
1404478480882358917,534.4544677734375
1404491612971476125,853.3980712890625
1404513731137219216,1060.605712890625
1404854666844569702,1331.9635009765625
1405044014095693958,1396.739990234375
1405053023584408608,1363.67138671875
1405104713741022902,1214.2266845703125
1405232971434280009,1668.2501220703125
1405246908719940214,1146.3052978515625
1405629255473981424,762.6052856445312
1405728239062627302,719.0841674804688
1405875867597334058,767.8336181640625
1405881554480190718,1644.6895751953125
1405888180790374388,2476.782470703125
1405920432796923536,922.1099243164062
1405931499781866469,1015.3815307617188
1405973654250619166,1409.9390869140625
1406105795394623400,2521.554443359375
1406146435152091466,1450.85546875
1406365993649398846,1333.1068115234375
1406545323185924666,1383.59033203125
1406563792439327898,798.9241333007812
1406646529727342351,1406.532958984375
1407072225177475947,1842.40576171875
1407220841532648118,1176.2379150390625
1407234141407758487,985.4522705078125
1407277159921702127,957.179443359375
1407297842417713751,2095.2939453125
1407310642070055449,2289.87939453125
1407313611582220559,2368.5849609375
1407686935841926404,1099.6439208984375
1407741959255228896,1098.055908203125
1407858779476367103,1257.4261474609375
1407881074402391276,1842.020751953125
1407892833636899331,2479.360595703125
1407893187465508473,1248.56396484375
1407918744745801468,852.4428100585938
1407976485354388107,977.18359375
1408022537631137790,998.4628295898438
1408476847154905367,2921.79931640625
1408588075141522761,1198.604248046875
1408675556697069159,1007.5811767578125
1408770175392921662,1078.5135498046875
1408777440004863701,987.9177856445312
1408803444151308654,1939.701171875
1408813653739730689,779.9149169921875
1409152785825694206,989.2886352539062
1409222757650209644,1679.3106689453125
1409248419323571944,1226.5128173828125
1409300192070905451,2314.69287109375
1409394478331466432,1037.7943115234375
1409466505187027850,840.733642578125
1409507360372195938,1590.3353271484375
1409520916041383663,1052.34326171875
1409550508046250779,1225.3865966796875
1409609214736678816,828.5579223632812
1409823132416025263,935.2028198242188
1409961676215053141,1058.9693603515625
1410012453313699798,1730.3544921875
1410064911275663172,1476.3829345703125
1410065296859132081,1271.306640625
1410144763584806396,594.1517333984375
1410247350844526106,905.1886596679688
1410289457524695920,849.5741577148438
1410542875563778121,2289.07763671875
1410634451483032453,985.1024169921875
1410714238053144351,814.7883911132812
1410736920397619113,1031.298583984375
1410862977527907609,1331.6025390625
1411510372066556705,505.94287109375
1411520823762867440,2569.4658203125
1411622452796395648,1308.302001953125
1411643691666478625,1348.2388916015625
1411763543116365380,1854.294677734375
1411998996936474189,874.0358276367188
1412042936825080478,1831.1695556640625
1412129002825342919,2451.80810546875
1412369369187468289,1124.3660888671875
1412805320971327525,888.175537109375
1412903859239494349,686.94970703125
1412943818560647687,1037.609130859375
1412998646723299856,1778.9976806640625
1413003976005907426,1014.3507080078125
1413073291743819504,1512.64306640625
1413559670964622007,723.16796875
1413623725283177719,910.80908203125
1413687192270328100,873.7171020507812
1413689698134025979,1030.993408203125
1413732799813809237,905.8716430664062
1413747283208248390,1008.8876953125
1413793481715154743,1035.959228515625
1413829157249873041,1523.5672607421875
1413829615328596377,973.2463989257812
1413843638520439431,1396.4246826171875
1413896321956647182,970.0906982421875
1413924408183197113,1299.9627685546875
1413979010601415378,836.1972045898438
1414002643542948641,982.197509765625
1414227292577869005,837.9423217773438
1414326177566611248,1529.83056640625
1414374159136959802,2528.064208984375
1414463955896116488,1262.6219482421875
1414476633005077953,546.9140625
1414513691596230512,984.7291259765625
1414532348799239505,854.2185668945312
1414550153829397917,1480.3841552734375
1414571439916511404,1230.147216796875
1414584662255939479,1141.2423095703125
1414620780388218359,1430.51220703125
1414705846626097439,1331.017333984375
1414931541720251012,963.3168334960938
1414986041827344928,989.91162109375
1415130043881182498,857.587890625
1415184071365397529,1049.1976318359375
1415217142006305949,1391.9334716796875
1415340359939082360,977.1854248046875
1415854013119386163,1142.708984375
1415918303314269573,1339.71484375
1415935113769466162,1106.1953125
1416053567161344139,1356.5877685546875
1416057765267092745,2113.56884765625
1416383407284562320,2869.9658203125
1416438921890649395,1513.4256591796875
1416456081693644021,803.1524047851562
1416524739177282778,767.8336181640625
1416583532546022526,1078.1141357421875
1416594613351911570,3008.166748046875
1416607037036034879,1363.5543212890625
1416622594015765109,628.535400390625
1416626133799431551,1459.421630859375
1416702209792798176,452.7950744628906
1416775556879230483,1229.30322265625
1416786086366526266,921.2858276367188
1416848549148487700,936.9772338867188
1416919695383847313,1033.0880126953125
1417154278625463591,718.8792114257812
1417192144113557933,835.560302734375
1417205012408594555,769.111572265625
1417232693825277213,1024.158447265625
1417341586776702579,1045.3348388671875
1417458583855941259,1025.44775390625
1417460479093000604,1252.019775390625
1417491742947070439,792.10400390625
1417518671128533933,1972.1727294921875
1417522250641517537,1399.1373291015625
1417972751997459621,1820.02001953125
1417981025428775572,1068.74169921875
1418003310010336474,1472.818359375
1418010418146942580,1158.4833984375
1418013436675781355,2299.881103515625
1418028015728102764,506.2303771972656
1418041699360740237,888.501220703125
1418114955592230206,913.6190795898438
1418139018197636529,858.0125732421875
1418162461013767694,830.6312866210938
1418164433120016593,1439.137451171875
1418198544332243091,912.6217651367188
1418263450493845794,942.5280151367188
1418271824359476492,1071.0457763671875
1418314323891730328,699.8485717773438
1418708149881095507,1017.91162109375
1418779487149918801,1518.186279296875
1418809388672298116,1794.337890625
1418911525819711520,784.7081909179688
1419296445850901489,936.8189086914062
1419327687873358260,531.5646362304688
1419340434877519135,574.6675415039062
1419402074061684999,1322.4110107421875
1419471035860591386,919.3980102539062
1419504166473529356,1133.0604248046875
1419685138459694689,1224.989501953125
1419749457432057446,714.6226806640625
1420077342419639037,770.27099609375
1420078042408925798,1250.31396484375
1420083678876541414,1179.984619140625
1420360335303291677,1227.02099609375
1420365673415586596,1008.9989624023438
1420383860045993850,1562.2783203125
1420398318828566878,1210.6029052734375
1420777899526940215,1661.938232421875
1420958722244305471,741.703369140625
1421017027808755065,540.0263671875
1421032241779751945,1208.9552001953125
1421157523643960261,1025.24365234375
1421488566201411003,1247.6954345703125
1421528997316193299,1455.1075439453125
1421661469660017640,1579.283935546875
1421675953485102994,1014.508056640625
1421705738197916041,670.470458984375
1421739401553801373,1099.1444091796875
1421744871806690123,1013.8062133789062
1421829404708505577,1440.5411376953125
1421835682788382377,954.6743774414062
1421847157200787864,1008.5242309570312
1421863014424244813,1372.791748046875
1422211697056425711,713.5431518554688
1422263049359991585,833.4181518554688
1422353097129384292,1008.2363891601562
1422355322767218568,1393.828369140625
1422410867487341617,4100.39013671875
1422436506186407914,1007.4229125976562
1422539003560935025,1023.5084228515625
1422609507970556161,2140.789306640625
1422626140326659139,2693.36328125
1423064657238982120,1141.6324462890625
1423083906431522772,1645.3277587890625
1423096550842231114,1175.972900390625
1423158885230933461,1351.0184326171875
1423172169732473462,1407.782470703125
1423204622480278721,1143.15087890625
1423231330727631361,1465.952880859375
1423298752268473357,1477.1947021484375
1423318446398951373,1333.7220458984375
1423358324436596227,1515.66162109375
1423756254112450775,1001.5123901367188
1423782166668491278,1772.5841064453125
1423808696476312195,829.35693359375
1423856766255711158,2602.9697265625
1423857647618481504,1580.156005859375
1423874111055710790,801.9462280273438
1423874264762167778,980.6408081054688
1423888402963586813,877.3701171875
1423903727178685747,1895.7286376953125
1423910833025918345,807.9857177734375
1423955346898617502,637.0869750976562
1423962560510462583,1289.157958984375
1423989229288093271,836.899658203125
1424002799230032973,1499.8873291015625
1424034513617957074,1507.709228515625
1424333554055138669,901.7857666015625
1424415803778922397,1848.150146484375
1424429006244389887,2222.964111328125
1424502895331309770,1228.22900390625
1424505805435890423,1872.24072265625
1424614701344088090,1005.201904296875
1424640676744931269,1104.8045654296875
1424643915611429891,1632.34765625
1424656484259916845,1448.6439208984375
1424682048286738307,996.3176879882812
1424716063114888630,853.9339599609375
1424831202091931989,1604.6060791015625
1424842730943412749,1756.8974609375
1425165851905803213,805.4290771484375
1425171522108861200,1034.03662109375
1425192196615423629,737.4364624023438
1425215182536616662,607.4373168945312
1425253337827507963,1637.514892578125
1425346789871001034,509.7206115722656
1425434281711663174,707.933837890625
1425536895132747958,1335.0025634765625
1425791108148155674,955.4840087890625
1425874458066630422,1784.889404296875
1425921942732458657,976.1337280273438
1426026071989004529,1968.669189453125
1426026303261472123,1094.86474609375
1426038506457196068,1473.4215087890625
1426062702461440571,985.0012817382812
1426085106800660999,1849.3497314453125
1426141110236716702,1189.747314453125
1426153241889751270,787.6531982421875
1426191080970593448,824.0233154296875
1426259120624836159,783.5864868164062
1426653035299567056,1174.785400390625
1426715164411747943,1248.0479736328125
1426841221430975035,1128.635986328125
1426886377511380636,1651.051025390625
1426924991297250708,806.3467407226562
1427376820131712108,939.9989013671875
1427491991718896291,627.56982421875
1427533608144157505,1508.4547119140625
1427574992250601543,1975.2640380859375
1427599397884703980,1190.282958984375
1427675346145976048,829.8955688476562
1427679069064871235,830.92041015625
1428123321182263389,1384.0689697265625
1428213764700874573,1052.734619140625
1428268529820074416,829.6685791015625
1428322866010804689,588.2979736328125
1428356994531900475,587.4174194335938
1428788480455217324,788.493408203125
1428831515585837163,1233.327880859375
1428844302408793944,819.3159790039062
1428870266524876445,1424.5267333984375
1428875354865572157,1350.9527587890625
1428906558628058413,925.0651245117188
1429011700498330826,1031.830322265625
1429093516278168080,2152.53759765625
1429278487222483540,967.703369140625
1429454043599373694,1700.8623046875
1429696020516894820,949.4223022460938
1429722112378941364,862.9020385742188
1429804826311176520,1347.531982421875
1429833179441718729,1228.4400634765625
1429840267182546988,1352.833251953125
1429849985272842766,984.028564453125
1429850907682450241,1844.5799560546875
1430158562675018802,1208.4072265625
1430300844122849804,1123.2359619140625
1430953129086255711,528.4166259765625
1431026188007699343,1451.4114990234375
1431160906915427214,1287.60546875
1431342208105746098,660.3465576171875
1431625621947087718,718.7803344726562
1431640753321009101,842.1190795898438
1431673626506116637,832.2174072265625
1431702003872623600,1138.6212158203125
1431883673890992197,1025.0758056640625
1431945902725900759,1144.481689453125
1432095191698880239,1203.85595703125
1432338076265315380,1296.1624755859375
1432457330365915719,825.5933227539062
1432485594570006857,836.4523315429688
1432571920357838631,1455.9986572265625
1432592679361329118,1142.3741455078125
1432760727633479998,1011.9028930664062
1433095838944529036,1137.443115234375
1433122881790686588,1280.4083251953125
1433179023093429822,818.6841430664062
1433191692605400749,883.12451171875
1433223734314145942,1163.079833984375
1433292465844699227,1362.006591796875
1433379276636954692,1100.047607421875
1433998195095741546,903.4157104492188
1434039003560061645,919.440185546875
1434062918672705064,993.5760498046875
1434119415391200536,637.4635009765625
1434148000265786491,1277.1173095703125
1434485202842205706,902.8423461914062
1434612034454718169,1381.6551513671875
1434661175771865582,1169.140869140625
1434760312260727679,1048.2896728515625
1434767614091142551,3177.228515625
1434797232263570454,1434.107177734375
1434798473587218372,1445.344970703125
1434830559774742929,2218.549560546875
1434839780813553815,941.2116088867188
1434912722292650501,638.1887817382812
1434925722637964069,938.21923828125
1434938776782149070,706.6767578125
1434974449884677176,479.7671813964844
1435227563332872405,1463.3712158203125
1435473015865541685,1297.08251953125
1435541732458594584,783.91357421875
1435587570198747278,855.3272705078125
1435970636601060128,973.7715454101562
1436042047343240293,942.070556640625
1436288901551441409,1240.302001953125
1436655642525477343,848.89306640625
1436750081735312598,1324.1336669921875
1437084401215936222,608.5326538085938
1437582625816438293,1544.45458984375
1437660907685715361,1025.65087890625
1437784570704673626,1998.129638671875
1438380748176296476,1072.281982421875
1438549022075790070,807.9926147460938
1438581871780452229,1599.4365234375
1439178352547412268,1270.7691650390625
1439178423048720142,1089.4754638671875
1439228511922251618,1169.443359375
1439233510073873331,1730.34375
1439261636115758284,1790.153076171875
1439371687357804618,1213.680419921875
1439573571331038346,1390.63623046875
1439655613253025915,877.2269287109375
1439671881060068723,809.308349609375
1439687006960403138,1427.310302734375
1439747837201678892,694.048095703125
1439795196913143909,1991.4642333984375
1439819707888452403,736.6534423828125
1439859920589213051,1551.9761962890625
1439939104440846994,1155.1851806640625
1439944042295647875,1079.4034423828125
1439962555564958566,1821.7913818359375
1439978190914588957,1357.9337158203125
1440580683144565549,1095.2598876953125
1440589675072687102,843.0462646484375
1440612220840055595,1604.6956787109375
1440614610441543680,898.1070556640625
1440684865793896536,1008.125244140625
1440708620534111558,853.3047485351562
1440735180612191957,1012.4633178710938
1440743201863211888,1823.701171875
1441366854805334738,3003.693115234375
1441390882135849082,1229.1748046875
1442005727504002015,2199.76318359375
1442758472242463946,679.869873046875
1442990459836352603,3432.30712890625
1443336421783748558,1083.10302734375
1444128188750764528,915.234619140625
1444176392720125809,1675.68896484375
1444253144980541793,620.0264282226562
1444284973905243319,684.02978515625
1444360686002178200,3285.921875
1444801845773598838,1328.943359375
1444909125855361542,1232.475830078125
1445319514645063849,774.9939575195312
1445538330447834692,1911.2430419921875
1445838299533941041,754.6128540039062
1446024165786941576,552.0573120117188
1446307714705794143,898.0842895507812
1446338905347251047,1551.9237060546875
1447189138237656580,766.5193481445312
1447223928511896428,965.7661743164062
1447305480872120378,1602.2467041015625
